"iso3","country","sector","mt"
"ABW","Aruba","Agriculture",0.002504239631675
"ABW","Aruba","Buildings",0.04541149167971
"ABW","Aruba","Fuel Exploitation",0.00255256922148435
"ABW","Aruba","Industrial Combustion",0.038148106156891
"ABW","Aruba","Power Industry",0.28175992929941
"ABW","Aruba","Processes",0.0068871389580932
"ABW","Aruba","Transport",0.193124883309421
"ABW","Aruba","Waste",0.0183280445276779
"AFG","Afghanistan","Agriculture",15.672131317649
"AFG","Afghanistan","Buildings",1.38452072101242
"AFG","Afghanistan","Fuel Exploitation",1.53692172812842
"AFG","Afghanistan","Industrial Combustion",3.54939619639133
"AFG","Afghanistan","Power Industry",2.92236063199399
"AFG","Afghanistan","Processes",1.13756442186746
"AFG","Afghanistan","Transport",4.38285172954119
"AFG","Afghanistan","Waste",2.44909334308373
"AGO","Angola","Agriculture",12.8526137356772
"AGO","Angola","Buildings",9.23646589686033
"AGO","Angola","Fuel Exploitation",26.7075140832547
"AGO","Angola","Industrial Combustion",1.68305538463965
"AGO","Angola","Power Industry",3.79066417354694
"AGO","Angola","Processes",3.03245501802518
"AGO","Angola","Transport",8.8410873896464
"AGO","Angola","Waste",3.77908309738227
"AIA","Anguilla","Buildings",1.6392412991871e-05
"AIA","Anguilla","Fuel Exploitation",0
"AIA","Anguilla","Industrial Combustion",0.000970297031336583
"AIA","Anguilla","Power Industry",0.000942245078844466
"AIA","Anguilla","Processes",0.000332993469805525
"AIA","Anguilla","Transport",0.0210855833288592
"AIA","Anguilla","Waste",0.0026876550838582
"AIR","International Aviation","Processes",3.5066034300017
"AIR","International Aviation","Transport",618.827558649001
"ALB","Albania","Agriculture",1.68860151830682
"ALB","Albania","Buildings",0.823391912971503
"ALB","Albania","Fuel Exploitation",0.382655113652828
"ALB","Albania","Industrial Combustion",0.928695852887283
"ALB","Albania","Power Industry",0
"ALB","Albania","Processes",1.10861730987247
"ALB","Albania","Transport",1.56504105049339
"ALB","Albania","Waste",0.627307808937455
"ANT","Curaçao","Agriculture",0.0073531230282316
"ANT","Curaçao","Buildings",0.142527639467368
"ANT","Curaçao","Fuel Exploitation",0
"ANT","Curaçao","Industrial Combustion",0.462619989541464
"ANT","Curaçao","Power Industry",0.546145613833346
"ANT","Curaçao","Processes",0.05860641213424
"ANT","Curaçao","Transport",1.2334921557064
"ANT","Curaçao","Waste",0.0419204559980872
"ARE","United Arab Emirates","Agriculture",2.1314372089557
"ARE","United Arab Emirates","Buildings",0.669615302209691
"ARE","United Arab Emirates","Fuel Exploitation",32.1589902143536
"ARE","United Arab Emirates","Industrial Combustion",75.3758530981894
"ARE","United Arab Emirates","Power Industry",61.9504708200054
"ARE","United Arab Emirates","Processes",45.0953796064581
"ARE","United Arab Emirates","Transport",38.8749321534171
"ARE","United Arab Emirates","Waste",7.89169533811417
"ARG","Argentina","Agriculture",141.000298016752
"ARG","Argentina","Buildings",40.6807806974729
"ARG","Argentina","Fuel Exploitation",34.4037507563753
"ARG","Argentina","Industrial Combustion",21.5983052773386
"ARG","Argentina","Power Industry",39.2959881605639
"ARG","Argentina","Processes",29.3967725661158
"ARG","Argentina","Transport",48.7969223843836
"ARG","Argentina","Waste",19.1717889895724
"ARM","Armenia","Agriculture",1.58813151079871
"ARM","Armenia","Buildings",2.39707301285506
"ARM","Armenia","Fuel Exploitation",0.56513577225564
"ARM","Armenia","Industrial Combustion",0.596367488791497
"ARM","Armenia","Power Industry",1.58206073904395
"ARM","Armenia","Processes",0.878016604803053
"ARM","Armenia","Transport",2.36008542066189
"ARM","Armenia","Waste",0.813704735785039
"ATG","Antigua and Barbuda","Agriculture",0.0179398880884496
"ATG","Antigua and Barbuda","Buildings",0.0287888260812521
"ATG","Antigua and Barbuda","Fuel Exploitation",0
"ATG","Antigua and Barbuda","Industrial Combustion",0.0244044278611068
"ATG","Antigua and Barbuda","Power Industry",0.180425711726394
"ATG","Antigua and Barbuda","Processes",0.0055494665041158
"ATG","Antigua and Barbuda","Transport",0.123718752671858
"ATG","Antigua and Barbuda","Waste",0.0460239255007356
"AUS","Australia","Agriculture",128.148403080709
"AUS","Australia","Buildings",20.7943300255563
"AUS","Australia","Fuel Exploitation",88.7045734940295
"AUS","Australia","Industrial Combustion",39.9419526728759
"AUS","Australia","Power Industry",163.923818918742
"AUS","Australia","Processes",30.8383764377204
"AUS","Australia","Transport",102.350319213499
"AUS","Australia","Waste",16.7521868287929
"AUT","Austria","Agriculture",7.21191849793152
"AUT","Austria","Buildings",7.46613969278279
"AUT","Austria","Fuel Exploitation",7.4775442688292
"AUT","Austria","Industrial Combustion",9.6983974134244
"AUT","Austria","Power Industry",10.1397275711401
"AUT","Austria","Processes",7.12154792048709
"AUT","Austria","Transport",20.2213142127609
"AUT","Austria","Waste",1.6633139323419
"AZE","Azerbaijan","Agriculture",9.23009206771668
"AZE","Azerbaijan","Buildings",10.3016482026863
"AZE","Azerbaijan","Fuel Exploitation",7.55142782496669
"AZE","Azerbaijan","Industrial Combustion",2.50089382094912
"AZE","Azerbaijan","Power Industry",12.0968183732153
"AZE","Azerbaijan","Processes",3.82546115109873
"AZE","Azerbaijan","Transport",9.88367446507904
"AZE","Azerbaijan","Waste",2.88976941693318
"BDI","Burundi","Agriculture",4.0906574330459
"BDI","Burundi","Buildings",0.846762598562534
"BDI","Burundi","Fuel Exploitation",1.09551981447941
"BDI","Burundi","Industrial Combustion",0.102193026691115
"BDI","Burundi","Power Industry",0.156515477959481
"BDI","Burundi","Processes",0.503804811027145
"BDI","Burundi","Transport",0.497615999810716
"BDI","Burundi","Waste",1.12865484827591
"BEL","Belgium","Agriculture",8.85233751981479
"BEL","Belgium","Buildings",20.4396589148586
"BEL","Belgium","Fuel Exploitation",10.7174459739862
"BEL","Belgium","Industrial Combustion",13.792868494005
"BEL","Belgium","Power Industry",12.7060078893535
"BEL","Belgium","Processes",14.829967034887
"BEL","Belgium","Transport",24.1619027124115
"BEL","Belgium","Waste",2.32383167267471
"BEN","Benin","Agriculture",5.4239516571921
"BEN","Benin","Buildings",1.02008564708549
"BEN","Benin","Fuel Exploitation",1.7425638773464
"BEN","Benin","Industrial Combustion",0.596941828293064
"BEN","Benin","Power Industry",0.532857897551982
"BEN","Benin","Processes",2.38822363170328
"BEN","Benin","Transport",4.48846708853925
"BEN","Benin","Waste",1.57396106694153
"BFA","Burkina Faso","Agriculture",19.7931128050044
"BFA","Burkina Faso","Buildings",2.4216025785595
"BFA","Burkina Faso","Fuel Exploitation",2.32851483256678
"BFA","Burkina Faso","Industrial Combustion",0.636044404269084
"BFA","Burkina Faso","Power Industry",0.979464494113086
"BFA","Burkina Faso","Processes",2.65361212302846
"BFA","Burkina Faso","Transport",3.11932245607139
"BFA","Burkina Faso","Waste",2.98607266701246
"BGD","Bangladesh","Agriculture",67.8230512281508
"BGD","Bangladesh","Buildings",16.5826312529287
"BGD","Bangladesh","Fuel Exploitation",3.52334546629741
"BGD","Bangladesh","Industrial Combustion",20.9085166800261
"BGD","Bangladesh","Power Industry",61.405533482215
"BGD","Bangladesh","Processes",17.517518589458
"BGD","Bangladesh","Transport",14.0086549090842
"BGD","Bangladesh","Waste",19.0574691972933
"BGR","Bulgaria","Agriculture",6.09948192063268
"BGR","Bulgaria","Buildings",1.39683818193852
"BGR","Bulgaria","Fuel Exploitation",3.19546100572209
"BGR","Bulgaria","Industrial Combustion",3.80303975297088
"BGR","Bulgaria","Power Industry",11.8454326580877
"BGR","Bulgaria","Processes",5.6612150344674
"BGR","Bulgaria","Transport",10.3050657315313
"BGR","Bulgaria","Waste",4.37004007867199
"BHR","Bahrain","Agriculture",0.03863963739117
"BHR","Bahrain","Buildings",0.264704831383105
"BHR","Bahrain","Fuel Exploitation",26.4111165492666
"BHR","Bahrain","Industrial Combustion",2.16399485846992
"BHR","Bahrain","Power Industry",24.0732413563644
"BHR","Bahrain","Processes",6.45593278261192
"BHR","Bahrain","Transport",3.90752445023718
"BHR","Bahrain","Waste",1.10702262393663
"BHS","Bahamas","Agriculture",0.0180993217405653
"BHS","Bahamas","Buildings",0.121259818033337
"BHS","Bahamas","Fuel Exploitation",0.0102011454663469
"BHS","Bahamas","Industrial Combustion",0.100637404415499
"BHS","Bahamas","Power Industry",0.740487041830043
"BHS","Bahamas","Processes",0.0216380099183463
"BHS","Bahamas","Transport",0.506852816387713
"BHS","Bahamas","Waste",0.324697059944642
"BIH","Bosnia and Herzegovina","Agriculture",1.49289954349127
"BIH","Bosnia and Herzegovina","Buildings",1.19562991281628
"BIH","Bosnia and Herzegovina","Fuel Exploitation",4.49003073679755
"BIH","Bosnia and Herzegovina","Industrial Combustion",1.20591678435849
"BIH","Bosnia and Herzegovina","Power Industry",12.0409896826507
"BIH","Bosnia and Herzegovina","Processes",1.87838888275851
"BIH","Bosnia and Herzegovina","Transport",4.21518857240624
"BIH","Bosnia and Herzegovina","Waste",1.1076201516435
"BLR","Belarus","Agriculture",26.2333716476813
"BLR","Belarus","Buildings",7.65834917620979
"BLR","Belarus","Fuel Exploitation",5.50628428081145
"BLR","Belarus","Industrial Combustion",4.23758209576947
"BLR","Belarus","Power Industry",24.0374905472254
"BLR","Belarus","Processes",5.851731572199
"BLR","Belarus","Transport",10.1448353728828
"BLR","Belarus","Waste",3.82171653374537
"BLZ","Belize","Agriculture",0.296307795369049
"BLZ","Belize","Buildings",0.0403301859386761
"BLZ","Belize","Fuel Exploitation",0.0129521357857589
"BLZ","Belize","Industrial Combustion",0.0302895932278524
"BLZ","Belize","Power Industry",0.197276709306344
"BLZ","Belize","Processes",0.0114542455922195
"BLZ","Belize","Transport",0.13185352410947
"BLZ","Belize","Waste",0.314219927913146
"BMU","Bermuda","Agriculture",0.00295232279018786
"BMU","Bermuda","Buildings",0.033117952394008
"BMU","Bermuda","Fuel Exploitation",0
"BMU","Bermuda","Industrial Combustion",0.0183300194877938
"BMU","Bermuda","Power Industry",0.135564220904275
"BMU","Bermuda","Processes",0.00532411289939397
"BMU","Bermuda","Transport",0.0929173202947246
"BMU","Bermuda","Waste",0.017471283527234
"BOL","Bolivia","Agriculture",29.7993099370612
"BOL","Bolivia","Buildings",3.47920904115658
"BOL","Bolivia","Fuel Exploitation",3.93116460484226
"BOL","Bolivia","Industrial Combustion",3.20835068919333
"BOL","Bolivia","Power Industry",5.08669074563579
"BOL","Bolivia","Processes",1.85441641318123
"BOL","Bolivia","Transport",14.0674944129082
"BOL","Bolivia","Waste",2.33056179190772
"BRA","Brazil","Agriculture",633.989869005627
"BRA","Brazil","Buildings",49.0774771043522
"BRA","Brazil","Fuel Exploitation",63.1321501753954
"BRA","Brazil","Industrial Combustion",89.4907799900475
"BRA","Brazil","Power Industry",57.7994179142668
"BRA","Brazil","Processes",69.9726221546595
"BRA","Brazil","Transport",223.668804393534
"BRA","Brazil","Waste",112.049087701571
"BRB","Barbados","Agriculture",0.049305177015583
"BRB","Barbados","Buildings",0.0510238747937679
"BRB","Barbados","Fuel Exploitation",0.016369022188216
"BRB","Barbados","Industrial Combustion",0.0428992020931252
"BRB","Barbados","Power Industry",0.315066071113598
"BRB","Barbados","Processes",0.098995012313299
"BRB","Barbados","Transport",0.215770333802473
"BRB","Barbados","Waste",0.122625767850451
"BRN","Brunei","Agriculture",0.075381406286598
"BRN","Brunei","Buildings",0.0798861402972537
"BRN","Brunei","Fuel Exploitation",4.80304019107732
"BRN","Brunei","Industrial Combustion",0.579923708964338
"BRN","Brunei","Power Industry",4.51386558604397
"BRN","Brunei","Processes",0.422379264280011
"BRN","Brunei","Transport",1.27751726812432
"BRN","Brunei","Waste",0.113494495712591
"BTN","Bhutan","Agriculture",0.400164111818766
"BTN","Bhutan","Buildings",0.608344566145181
"BTN","Bhutan","Fuel Exploitation",0.0331738677366218
"BTN","Bhutan","Industrial Combustion",0.391881221629146
"BTN","Bhutan","Power Industry",0.251211799285593
"BTN","Bhutan","Processes",0.664141706772672
"BTN","Bhutan","Transport",0.271941047875186
"BTN","Bhutan","Waste",0.185459592325676
"BWA","Botswana","Agriculture",2.27688840364565
"BWA","Botswana","Buildings",0.4074938891345
"BWA","Botswana","Fuel Exploitation",1.09445901259374
"BWA","Botswana","Industrial Combustion",0.627902332291051
"BWA","Botswana","Power Industry",3.90479001427408
"BWA","Botswana","Processes",0.874300691765031
"BWA","Botswana","Transport",2.36111415229506
"BWA","Botswana","Waste",0.550781094748107
"CAF","Central African Republic","Agriculture",10.6113484452563
"CAF","Central African Republic","Buildings",0.803863328656326
"CAF","Central African Republic","Fuel Exploitation",0.677219486174836
"CAF","Central African Republic","Industrial Combustion",0.0409027700473082
"CAF","Central African Republic","Power Industry",0.0617372758948323
"CAF","Central African Republic","Processes",0.55398602161216
"CAF","Central African Republic","Transport",0.195752862595398
"CAF","Central African Republic","Waste",0.499479385134372
"CAN","Canada","Agriculture",67.9651856683444
"CAN","Canada","Buildings",91.4624880347131
"CAN","Canada","Fuel Exploitation",212.259318362467
"CAN","Canada","Industrial Combustion",66.3922144344413
"CAN","Canada","Power Industry",79.8285681085872
"CAN","Canada","Processes",50.9061112082778
"CAN","Canada","Transport",168.944343321288
"CAN","Canada","Waste",30.3006919429432
"CHE","Switzerland and Liechtenstein","Agriculture",5.56763616944298
"CHE","Switzerland and Liechtenstein","Buildings",9.96856170793508
"CHE","Switzerland and Liechtenstein","Fuel Exploitation",1.62789547683137
"CHE","Switzerland and Liechtenstein","Industrial Combustion",4.07345576871519
"CHE","Switzerland and Liechtenstein","Power Industry",2.69746649820089
"CHE","Switzerland and Liechtenstein","Processes",3.98042704388159
"CHE","Switzerland and Liechtenstein","Transport",14.6519454606334
"CHE","Switzerland and Liechtenstein","Waste",0.425052604617905
"CHL","Chile","Agriculture",10.4004829059245
"CHL","Chile","Buildings",9.23130605287647
"CHL","Chile","Fuel Exploitation",3.28835868427448
"CHL","Chile","Industrial Combustion",15.7607918599329
"CHL","Chile","Power Industry",19.3302790095217
"CHL","Chile","Processes",15.0977808756277
"CHL","Chile","Transport",30.2749995079725
"CHL","Chile","Waste",14.7368798815728
"CHN","China","Agriculture",765.480890626845
"CHN","China","Buildings",621.998958856637
"CHN","China","Fuel Exploitation",1565.97166974238
"CHN","China","Industrial Combustion",2802.65191964772
"CHN","China","Power Industry",6646.87520022228
"CHN","China","Processes",1944.69531675094
"CHN","China","Transport",957.390792132708
"CHN","China","Waste",231.056935000133
"CIV","Côte d’Ivoire","Agriculture",5.9668817936404
"CIV","Côte d’Ivoire","Buildings",3.9715253834486
"CIV","Côte d’Ivoire","Fuel Exploitation",5.30036084587233
"CIV","Côte d’Ivoire","Industrial Combustion",1.87155521233952
"CIV","Côte d’Ivoire","Power Industry",4.61058324925231
"CIV","Côte d’Ivoire","Processes",5.20594287119508
"CIV","Côte d’Ivoire","Transport",7.50869552852807
"CIV","Côte d’Ivoire","Waste",3.59115223702343
"CMR","Cameroon","Agriculture",11.4341330388522
"CMR","Cameroon","Buildings",3.27137803821301
"CMR","Cameroon","Fuel Exploitation",8.89394645418507
"CMR","Cameroon","Industrial Combustion",0.294354402116375
"CMR","Cameroon","Power Industry",1.99040443785667
"CMR","Cameroon","Processes",6.09329213674157
"CMR","Cameroon","Transport",3.92638945799492
"CMR","Cameroon","Waste",4.71795795005832
"COD","Democratic Republic of the Congo","Agriculture",8.3832835945597
"COD","Democratic Republic of the Congo","Buildings",8.6382139258929
"COD","Democratic Republic of the Congo","Fuel Exploitation",17.8446595899596
"COD","Democratic Republic of the Congo","Industrial Combustion",0.0393285858199753
"COD","Democratic Republic of the Congo","Power Industry",0.0118732200053562
"COD","Democratic Republic of the Congo","Processes",4.63499521899083
"COD","Democratic Republic of the Congo","Transport",5.00353025895195
"COD","Democratic Republic of the Congo","Waste",13.9358065925198
"COG","Congo","Agriculture",1.02215409412802
"COG","Congo","Buildings",0.594238819929903
"COG","Congo","Fuel Exploitation",17.1496860025494
"COG","Congo","Industrial Combustion",0.116792741071779
"COG","Congo","Power Industry",2.76145771814289
"COG","Congo","Processes",0.847283161074728
"COG","Congo","Transport",1.34687233610038
"COG","Congo","Waste",0.784541586754578
"COK","Cook Islands","Agriculture",0.0050312203186459
"COK","Cook Islands","Buildings",0.0138305218847771
"COK","Cook Islands","Fuel Exploitation",1.91444800222227e-09
"COK","Cook Islands","Industrial Combustion",0.0122958866074717
"COK","Cook Islands","Power Industry",0.0231806890367906
"COK","Cook Islands","Processes",0.00107330605620156
"COK","Cook Islands","Transport",0.0520248759738128
"COK","Cook Islands","Waste",0.00464479434418287
"COL","Colombia","Agriculture",74.682681724306
"COL","Colombia","Buildings",9.1889959959721
"COL","Colombia","Fuel Exploitation",21.9089538499767
"COL","Colombia","Industrial Combustion",13.0372229524781
"COL","Colombia","Power Industry",20.3614972908933
"COL","Colombia","Processes",16.5498344779904
"COL","Colombia","Transport",37.7849004742585
"COL","Colombia","Waste",24.071643339818
"COM","Comoros","Agriculture",0.102508245140252
"COM","Comoros","Buildings",0.0977630711098186
"COM","Comoros","Fuel Exploitation",0.154622336941049
"COM","Comoros","Industrial Combustion",0.054117705507493
"COM","Comoros","Power Industry",0.083666096280253
"COM","Comoros","Processes",0.0141350457396381
"COM","Comoros","Transport",0.266365677025089
"COM","Comoros","Waste",0.17621091009673
"CPV","Cabo Verde","Agriculture",0.110133616533265
"CPV","Cabo Verde","Buildings",0.0976505077697963
"CPV","Cabo Verde","Fuel Exploitation",0.00261508690176853
"CPV","Cabo Verde","Industrial Combustion",0.0821215801081899
"CPV","Cabo Verde","Power Industry",0.127034928650953
"CPV","Cabo Verde","Processes",0.0111362319388108
"CPV","Cabo Verde","Transport",0.404795612137791
"CPV","Cabo Verde","Waste",0.0770768840625732
"CRI","Costa Rica","Agriculture",5.99123086599456
"CRI","Costa Rica","Buildings",0.554110699123985
"CRI","Costa Rica","Fuel Exploitation",0.00746013928091698
"CRI","Costa Rica","Industrial Combustion",1.01637041543479
"CRI","Costa Rica","Power Industry",0.00538784767299496
"CRI","Costa Rica","Processes",1.15183875619093
"CRI","Costa Rica","Transport",6.34591469404213
"CRI","Costa Rica","Waste",2.00455886452652
"CUB","Cuba","Agriculture",8.1527304313398
"CUB","Cuba","Buildings",2.12514674001909
"CUB","Cuba","Fuel Exploitation",1.21652405176392
"CUB","Cuba","Industrial Combustion",5.66078677050642
"CUB","Cuba","Power Industry",10.8933353218728
"CUB","Cuba","Processes",1.68205970651569
"CUB","Cuba","Transport",1.24981078293849
"CUB","Cuba","Waste",5.00532334782973
"CYM","Cayman Islands","Agriculture",0.0057180409956182
"CYM","Cayman Islands","Buildings",0.030040989768209
"CYM","Cayman Islands","Fuel Exploitation",1.03872170291909e-05
"CYM","Cayman Islands","Industrial Combustion",0.0254578636470763
"CYM","Cayman Islands","Power Industry",0.188289711913997
"CYM","Cayman Islands","Processes",0.0063838810699138
"CYM","Cayman Islands","Transport",0.129057556787707
"CYM","Cayman Islands","Waste",0.0209781121554137
"CYP","Cyprus","Agriculture",0.593370065003384
"CYP","Cyprus","Buildings",0.495909216716113
"CYP","Cyprus","Fuel Exploitation",0.00882043313165519
"CYP","Cyprus","Industrial Combustion",0.557291836805222
"CYP","Cyprus","Power Industry",3.13365004241629
"CYP","Cyprus","Processes",1.67883393551291
"CYP","Cyprus","Transport",2.04670510162991
"CYP","Cyprus","Waste",0.828599881619317
"CZE","Czechia","Agriculture",8.09012781252068
"CZE","Czechia","Buildings",9.44965565156592
"CZE","Czechia","Fuel Exploitation",5.42604196752744
"CZE","Czechia","Industrial Combustion",9.22579761325853
"CZE","Czechia","Power Industry",32.0713914023078
"CZE","Czechia","Processes",9.90764950787317
"CZE","Czechia","Transport",20.8897939956509
"CZE","Czechia","Waste",5.31874814008992
"DEU","Germany","Agriculture",54.0495634763878
"DEU","Germany","Buildings",122.830588167362
"DEU","Germany","Fuel Exploitation",36.0983244564986
"DEU","Germany","Industrial Combustion",85.1985709151787
"DEU","Germany","Power Industry",173.10425942701
"DEU","Germany","Processes",53.1726651102751
"DEU","Germany","Transport",139.550364312746
"DEU","Germany","Waste",10.3539903897216
"DJI","Djibouti","Agriculture",0.69611046978167
"DJI","Djibouti","Buildings",0.132324861705524
"DJI","Djibouti","Fuel Exploitation",0.163813472989937
"DJI","Djibouti","Industrial Combustion",0.0855999215491773
"DJI","Djibouti","Power Industry",0.132372355241248
"DJI","Djibouti","Processes",0.207540474949922
"DJI","Djibouti","Transport",0.421448445743572
"DJI","Djibouti","Waste",0.578134569976994
"DMA","Dominica","Agriculture",0.0355993818069912
"DMA","Dominica","Buildings",0.00734316166987289
"DMA","Dominica","Fuel Exploitation",0.00200928590745216
"DMA","Dominica","Industrial Combustion",0.0058248135089517
"DMA","Dominica","Power Industry",0.0422662654511939
"DMA","Dominica","Processes",0.0026287854595557
"DMA","Dominica","Transport",0.0288396097935802
"DMA","Dominica","Waste",0.0278455931457771
"DNK","Denmark","Agriculture",10.0149011020718
"DNK","Denmark","Buildings",4.123456595774
"DNK","Denmark","Fuel Exploitation",2.04973556226352
"DNK","Denmark","Industrial Combustion",3.28768814427728
"DNK","Denmark","Power Industry",4.42736419493419
"DNK","Denmark","Processes",1.9679725854741
"DNK","Denmark","Transport",11.3860802764245
"DNK","Denmark","Waste",1.00743085273822
"DOM","Dominican Republic","Agriculture",9.43200740163231
"DOM","Dominican Republic","Buildings",2.11961106862308
"DOM","Dominican Republic","Fuel Exploitation",0.941210879996767
"DOM","Dominican Republic","Industrial Combustion",5.2783676811798
"DOM","Dominican Republic","Power Industry",14.8231404191599
"DOM","Dominican Republic","Processes",4.84149135701739
"DOM","Dominican Republic","Transport",9.15314518801704
"DOM","Dominican Republic","Waste",4.99182448774267
"DZA","Algeria","Agriculture",12.7281155513838
"DZA","Algeria","Buildings",29.7026499251018
"DZA","Algeria","Fuel Exploitation",68.000300425843
"DZA","Algeria","Industrial Combustion",16.0932888780215
"DZA","Algeria","Power Industry",44.7787124374079
"DZA","Algeria","Processes",21.3906839807209
"DZA","Algeria","Transport",49.5143347421897
"DZA","Algeria","Waste",10.491911179405
"ECU","Ecuador","Agriculture",11.6571567869706
"ECU","Ecuador","Buildings",6.96340005361236
"ECU","Ecuador","Fuel Exploitation",14.448269566147
"ECU","Ecuador","Industrial Combustion",4.61925008818847
"ECU","Ecuador","Power Industry",6.10215940321484
"ECU","Ecuador","Processes",3.55102094566737
"ECU","Ecuador","Transport",22.572423529459
"ECU","Ecuador","Waste",4.49487022159414
"EGY","Egypt","Agriculture",25.5345123250731
"EGY","Egypt","Buildings",18.4673056885612
"EGY","Egypt","Fuel Exploitation",49.7644527491411
"EGY","Egypt","Industrial Combustion",45.843333533985
"EGY","Egypt","Power Industry",96.0052775078597
"EGY","Egypt","Processes",63.1658006730421
"EGY","Egypt","Transport",63.6578005179577
"EGY","Egypt","Waste",24.159745471934
"ERI","Eritrea","Agriculture",4.2822791303204
"ERI","Eritrea","Buildings",0.288922121745434
"ERI","Eritrea","Fuel Exploitation",0.5011472358099
"ERI","Eritrea","Industrial Combustion",0.0244287303452637
"ERI","Eritrea","Power Industry",0.36584813920243
"ERI","Eritrea","Processes",0.117012124325978
"ERI","Eritrea","Transport",0.25588421983992
"ERI","Eritrea","Waste",0.743736287567071
"ESH","Western Sahara","Agriculture",0.241253329697856
"ESH","Western Sahara","Buildings",0.0370468108164339
"ESH","Western Sahara","Industrial Combustion",0.0548564447145286
"ESH","Western Sahara","Power Industry",0.0529635346868511
"ESH","Western Sahara","Processes",0.0042885219638145
"ESH","Western Sahara","Transport",0.158837811022998
"ESH","Western Sahara","Waste",0.186167570565123
"ESP","Spain and Andorra","Agriculture",41.6998378643192
"ESP","Spain and Andorra","Buildings",30.0853313795037
"ESP","Spain and Andorra","Fuel Exploitation",20.2775799054166
"ESP","Spain and Andorra","Industrial Combustion",26.0787582905538
"ESP","Spain and Andorra","Power Industry",31.1640364476383
"ESP","Spain and Andorra","Processes",25.524373777384
"ESP","Spain and Andorra","Transport",96.3720002113198
"ESP","Spain and Andorra","Waste",14.4364043709866
"EST","Estonia","Agriculture",2.39293125068469
"EST","Estonia","Buildings",0.697549930187503
"EST","Estonia","Fuel Exploitation",4.34539291274622
"EST","Estonia","Industrial Combustion",0.260603787538362
"EST","Estonia","Power Industry",3.05369727493162
"EST","Estonia","Processes",0.343343985699628
"EST","Estonia","Transport",2.46065091071727
"EST","Estonia","Waste",0.57503178657835
"ETH","Ethiopia","Agriculture",123.33298426003
"ETH","Ethiopia","Buildings",16.7124537481058
"ETH","Ethiopia","Fuel Exploitation",18.5222499238869
"ETH","Ethiopia","Industrial Combustion",6.5857377179021
"ETH","Ethiopia","Power Industry",0.00217620818289265
"ETH","Ethiopia","Processes",4.6622039348086
"ETH","Ethiopia","Transport",7.68733223718698
"ETH","Ethiopia","Waste",15.1988686793917
"EU27","EU27","Agriculture",381.881142421165
"EU27","EU27","Buildings",445.186113051692
"EU27","EU27","Fuel Exploitation",201.157528456839
"EU27","EU27","Industrial Combustion",324.168107578087
"EU27","EU27","Power Industry",598.022830342868
"EU27","EU27","Processes",291.99666103107
"EU27","EU27","Transport",791.253485842791
"EU27","EU27","Waste",130.998781436095
"FIN","Finland","Agriculture",6.0969244976479
"FIN","Finland","Buildings",3.61012710817028
"FIN","Finland","Fuel Exploitation",3.20216804598906
"FIN","Finland","Industrial Combustion",5.51261030028772
"FIN","Finland","Power Industry",8.51894434483163
"FIN","Finland","Processes",4.9408032604937
"FIN","Finland","Transport",9.18349329729414
"FIN","Finland","Waste",7.6139251173063
"FJI","Fiji","Agriculture",0.56531058327822
"FJI","Fiji","Buildings",0.218562378276814
"FJI","Fiji","Fuel Exploitation",0.00729862312396307
"FJI","Fiji","Industrial Combustion",0.181058082168121
"FJI","Fiji","Power Industry",0.336310777111072
"FJI","Fiji","Processes",0.301352582385924
"FJI","Fiji","Transport",0.754768590046316
"FJI","Fiji","Waste",0.386237193430631
"FLK","Falkland Islands","Agriculture",0.151503251155065
"FLK","Falkland Islands","Buildings",0.0016249344589239
"FLK","Falkland Islands","Fuel Exploitation",0.00115555498540163
"FLK","Falkland Islands","Industrial Combustion",0.00128269496881745
"FLK","Falkland Islands","Power Industry",0.0097567766762158
"FLK","Falkland Islands","Processes",0.000325496689482032
"FLK","Falkland Islands","Transport",0.006396651910394
"FLK","Falkland Islands","Waste",0.000849596368631552
"FRA","France and Monaco","Agriculture",67.3129485035762
"FRA","France and Monaco","Buildings",59.99772600149
"FRA","France and Monaco","Fuel Exploitation",20.1913492550868
"FRA","France and Monaco","Industrial Combustion",37.3456282252991
"FRA","France and Monaco","Power Industry",22.5347417140308
"FRA","France and Monaco","Processes",28.1868807071867
"FRA","France and Monaco","Transport",120.503350006502
"FRA","France and Monaco","Waste",22.0475658797259
"FRO","Faroes","Agriculture",0.07254998480883
"FRO","Faroes","Buildings",0
"FRO","Faroes","Processes",0.00071193454216041
"FRO","Faroes","Waste",0.0233548286257669
"GAB","Gabon","Agriculture",0.25272362894759
"GAB","Gabon","Buildings",0.650885987846484
"GAB","Gabon","Fuel Exploitation",16.6566248857844
"GAB","Gabon","Industrial Combustion",0.70406064518108
"GAB","Gabon","Power Industry",1.44206019801989
"GAB","Gabon","Processes",1.56470281290687
"GAB","Gabon","Transport",0.201635554290263
"GAB","Gabon","Waste",0.309298109020891
"GBR","United Kingdom","Agriculture",52.33458245456
"GBR","United Kingdom","Buildings",75.5829562677189
"GBR","United Kingdom","Fuel Exploitation",27.087663661373
"GBR","United Kingdom","Industrial Combustion",30.8541307292046
"GBR","United Kingdom","Power Industry",45.3202871419283
"GBR","United Kingdom","Processes",22.6136613489415
"GBR","United Kingdom","Transport",108.013470606633
"GBR","United Kingdom","Waste",24.8889643931508
"GEO","Georgia","Agriculture",2.66964700879173
"GEO","Georgia","Buildings",3.25443094186793
"GEO","Georgia","Fuel Exploitation",0.329397156420496
"GEO","Georgia","Industrial Combustion",1.62085015576891
"GEO","Georgia","Power Industry",1.47930133512959
"GEO","Georgia","Processes",3.45200781622154
"GEO","Georgia","Transport",4.79256811490714
"GEO","Georgia","Waste",2.00462217061445
"GHA","Ghana","Agriculture",8.6801193108468
"GHA","Ghana","Buildings",1.64662244570636
"GHA","Ghana","Fuel Exploitation",8.79360172496023
"GHA","Ghana","Industrial Combustion",2.06626712705634
"GHA","Ghana","Power Industry",7.54027223544519
"GHA","Ghana","Processes",5.60771395244294
"GHA","Ghana","Transport",10.0615824905407
"GHA","Ghana","Waste",3.69776961703996
"GIB","Gibraltar","Buildings",7.4397525e-06
"GIB","Gibraltar","Power Industry",0.104143886339577
"GIB","Gibraltar","Processes",0.00275449227834436
"GIB","Gibraltar","Transport",0.536196728126368
"GIB","Gibraltar","Waste",0.0158019804460794
"GIN","Guinea","Agriculture",17.4216765469611
"GIN","Guinea","Buildings",1.99591982974442
"GIN","Guinea","Fuel Exploitation",1.35030472689826
"GIN","Guinea","Industrial Combustion",0.550505662812397
"GIN","Guinea","Power Industry",0.848108348114952
"GIN","Guinea","Processes",1.77377041831408
"GIN","Guinea","Transport",2.70130679723186
"GIN","Guinea","Waste",2.73432160656289
"GLOBAL TOTAL","GLOBAL TOTAL","Agriculture",6241.23483415212
"GLOBAL TOTAL","GLOBAL TOTAL","Buildings",3549.51321469046
"GLOBAL TOTAL","GLOBAL TOTAL","Fuel Exploitation",6032.76798877207
"GLOBAL TOTAL","GLOBAL TOTAL","Industrial Combustion",6502.37882202787
"GLOBAL TOTAL","GLOBAL TOTAL","Power Industry",15639.8640348089
"GLOBAL TOTAL","GLOBAL TOTAL","Processes",4996.1666488101
"GLOBAL TOTAL","GLOBAL TOTAL","Transport",8441.59827299474
"GLOBAL TOTAL","GLOBAL TOTAL","Waste",1802.87744960341
"GLP","Guadeloupe","Agriculture",0.172484450979409
"GLP","Guadeloupe","Buildings",0.0692211042567256
"GLP","Guadeloupe","Fuel Exploitation",0.00952399275577635
"GLP","Guadeloupe","Industrial Combustion",0.0318384498716711
"GLP","Guadeloupe","Power Industry",0.545327545918688
"GLP","Guadeloupe","Processes",0.138920451632082
"GLP","Guadeloupe","Transport",0.392263427620396
"GLP","Guadeloupe","Waste",0.089330130772439
"GMB","The Gambia","Agriculture",0.69282573692662
"GMB","The Gambia","Buildings",0.158331557236371
"GMB","The Gambia","Fuel Exploitation",0.215709176902671
"GMB","The Gambia","Industrial Combustion",0.059470335474458
"GMB","The Gambia","Power Industry",0.0918381284061832
"GMB","The Gambia","Processes",0.0216917253756207
"GMB","The Gambia","Transport",0.292555585180765
"GMB","The Gambia","Waste",0.327082907933919
"GNB","Guinea-Bissau","Agriculture",1.82330464591378
"GNB","Guinea-Bissau","Buildings",0.403224325964588
"GNB","Guinea-Bissau","Fuel Exploitation",0.244548957208052
"GNB","Guinea-Bissau","Industrial Combustion",0.0416894641181557
"GNB","Guinea-Bissau","Power Industry",0.0637608494309829
"GNB","Guinea-Bissau","Processes",0.0347944022469686
"GNB","Guinea-Bissau","Transport",0.202794528860677
"GNB","Guinea-Bissau","Waste",0.374516076495999
"GNQ","Equatorial Guinea","Agriculture",0.025759426349027
"GNQ","Equatorial Guinea","Buildings",0.165480798725188
"GNQ","Equatorial Guinea","Fuel Exploitation",4.41406834482128
"GNQ","Equatorial Guinea","Industrial Combustion",1.06506178338954
"GNQ","Equatorial Guinea","Power Industry",0.579350989606464
"GNQ","Equatorial Guinea","Processes",1.07100389543219
"GNQ","Equatorial Guinea","Transport",0.456872037925827
"GNQ","Equatorial Guinea","Waste",0.361104666629687
"GRC","Greece","Agriculture",6.70759556020933
"GRC","Greece","Buildings",5.78856378944555
"GRC","Greece","Fuel Exploitation",6.39803080384331
"GRC","Greece","Industrial Combustion",4.53576395431543
"GRC","Greece","Power Industry",15.1472244157792
"GRC","Greece","Processes",8.92282121123089
"GRC","Greece","Transport",18.7811881615137
"GRC","Greece","Waste",5.21888754939958
"GRD","Grenada","Agriculture",0.0184487137001667
"GRD","Grenada","Buildings",0.0142120298949788
"GRD","Grenada","Fuel Exploitation",0
"GRD","Grenada","Industrial Combustion",0.0120624104217142
"GRD","Grenada","Power Industry",0.0891009834965099
"GRD","Grenada","Processes",0.00674456156814498
"GRD","Grenada","Transport",0.0610717689142173
"GRD","Grenada","Waste",0.0393504507643905
"GRL","Greenland","Agriculture",0.0056832809830517
"GRL","Greenland","Buildings",0.343354770868969
"GRL","Greenland","Fuel Exploitation",0.0096127339652073
"GRL","Greenland","Industrial Combustion",0.0516635171325282
"GRL","Greenland","Power Industry",0.0875436739298112
"GRL","Greenland","Processes",0.00323226708750245
"GRL","Greenland","Transport",0.104098389737495
"GRL","Greenland","Waste",0.054065997511331
"GTM","Guatemala","Agriculture",11.1896787870664
"GTM","Guatemala","Buildings",4.45243374104975
"GTM","Guatemala","Fuel Exploitation",0.572278436024771
"GTM","Guatemala","Industrial Combustion",4.04272127696875
"GTM","Guatemala","Power Industry",2.00313328768106
"GTM","Guatemala","Processes",2.14446455094527
"GTM","Guatemala","Transport",11.2144580751177
"GTM","Guatemala","Waste",7.85299993450639
"GUF","French Guiana","Agriculture",0.0559503403828157
"GUF","French Guiana","Buildings",0.0400058821730322
"GUF","French Guiana","Fuel Exploitation",0.0461981138943658
"GUF","French Guiana","Industrial Combustion",0.0126641576698981
"GUF","French Guiana","Power Industry",0.192448005464272
"GUF","French Guiana","Processes",0.0464307798792426
"GUF","French Guiana","Transport",0.131005928581874
"GUF","French Guiana","Waste",0.0615569786264647
"GUY","Guyana","Agriculture",2.0167709587447
"GUY","Guyana","Buildings",0.243923271778789
"GUY","Guyana","Fuel Exploitation",2.63400744006684
"GUY","Guyana","Industrial Combustion",0.802074759927036
"GUY","Guyana","Power Industry",1.15192690625783
"GUY","Guyana","Processes",0.257482587017889
"GUY","Guyana","Transport",1.14862954100301
"GUY","Guyana","Waste",0.476046361229092
"HKG","Hong Kong","Agriculture",0.030470978677122
"HKG","Hong Kong","Buildings",1.83794398942148
"HKG","Hong Kong","Fuel Exploitation",0.505890494269918
"HKG","Hong Kong","Industrial Combustion",0.53527222195285
"HKG","Hong Kong","Power Industry",22.7987536566152
"HKG","Hong Kong","Processes",1.03823858915405
"HKG","Hong Kong","Transport",8.59516614005467
"HKG","Hong Kong","Waste",4.96531597354269
"HND","Honduras","Agriculture",6.6696605838643
"HND","Honduras","Buildings",1.16419198972767
"HND","Honduras","Fuel Exploitation",0.0356440852286241
"HND","Honduras","Industrial Combustion",1.46759417730745
"HND","Honduras","Power Industry",4.16118034406983
"HND","Honduras","Processes",1.64466298622048
"HND","Honduras","Transport",5.43151324931526
"HND","Honduras","Waste",3.81262337751567
"HRV","Croatia","Agriculture",2.35301576351298
"HRV","Croatia","Buildings",3.04783858706052
"HRV","Croatia","Fuel Exploitation",1.15175041109947
"HRV","Croatia","Industrial Combustion",2.41353906731991
"HRV","Croatia","Power Industry",2.77203607592728
"HRV","Croatia","Processes",5.12460831210315
"HRV","Croatia","Transport",8.12722782650656
"HRV","Croatia","Waste",1.85181302714796
"HTI","Haiti","Agriculture",4.2332380589254
"HTI","Haiti","Buildings",1.10944340608899
"HTI","Haiti","Fuel Exploitation",3.79206652375799
"HTI","Haiti","Industrial Combustion",0.614549907968654
"HTI","Haiti","Power Industry",0.859682446070274
"HTI","Haiti","Processes",0.47360830902806
"HTI","Haiti","Transport",1.44091445375661
"HTI","Haiti","Waste",1.25880559164256
"HUN","Hungary","Agriculture",7.52676767071493
"HUN","Hungary","Buildings",9.98038514930305
"HUN","Hungary","Fuel Exploitation",4.32102885367089
"HUN","Hungary","Industrial Combustion",5.4061115995327
"HUN","Hungary","Power Industry",7.44749740034181
"HUN","Hungary","Processes",7.01128880053869
"HUN","Hungary","Transport",13.9374839798736
"HUN","Hungary","Waste",4.82233340714242
"IDN","Indonesia","Agriculture",142.809554084862
"IDN","Indonesia","Buildings",32.7204652752372
"IDN","Indonesia","Fuel Exploitation",311.230231871216
"IDN","Indonesia","Industrial Combustion",187.826408793652
"IDN","Indonesia","Power Industry",353.491141297733
"IDN","Indonesia","Processes",82.9183802593112
"IDN","Indonesia","Transport",154.410396787855
"IDN","Indonesia","Waste",58.3713324278587
"IND","India","Agriculture",805.633363491613
"IND","India","Buildings",256.2599724116
"IND","India","Fuel Exploitation",225.260458943769
"IND","India","Industrial Combustion",699.376612895323
"IND","India","Power Industry",1532.63134613083
"IND","India","Processes",343.610698621094
"IND","India","Transport",354.233936933726
"IND","India","Waste",154.162937827699
"IRL","Ireland","Agriculture",23.521809296818
"IRL","Ireland","Buildings",7.43720772534486
"IRL","Ireland","Fuel Exploitation",1.56912360580593
"IRL","Ireland","Industrial Combustion",3.60028667473183
"IRL","Ireland","Power Industry",7.44933720604701
"IRL","Ireland","Processes",3.24264930167337
"IRL","Ireland","Transport",11.5422449564299
"IRL","Ireland","Waste",1.31516938487614
"IRN","Iran","Agriculture",41.7911076462611
"IRN","Iran","Buildings",178.278732668272
"IRN","Iran","Fuel Exploitation",234.613397982636
"IRN","Iran","Industrial Combustion",135.956898526355
"IRN","Iran","Power Industry",204.740662149407
"IRN","Iran","Processes",90.8939366745946
"IRN","Iran","Transport",153.311690989871
"IRN","Iran","Waste",15.1786448496732
"IRQ","Iraq","Agriculture",7.3439927941926
"IRQ","Iraq","Buildings",10.3547961529148
"IRQ","Iraq","Fuel Exploitation",199.482492774148
"IRQ","Iraq","Industrial Combustion",15.9639383671572
"IRQ","Iraq","Power Industry",98.8756824094343
"IRQ","Iraq","Processes",22.1252132896603
"IRQ","Iraq","Transport",45.382504181439
"IRQ","Iraq","Waste",13.7478011138216
"ISL","Iceland","Agriculture",0.499982674360683
"ISL","Iceland","Buildings",0.566724342410807
"ISL","Iceland","Fuel Exploitation",0
"ISL","Iceland","Industrial Combustion",0.0698257466975222
"ISL","Iceland","Power Industry",0.00672940615034456
"ISL","Iceland","Processes",1.95241237590393
"ISL","Iceland","Transport",0.981067790357866
"ISL","Iceland","Waste",0.205668328306796
"ISR","Israel and Palestine, State of","Agriculture",3.1937652628344
"ISR","Israel and Palestine, State of","Buildings",2.52094961229047
"ISR","Israel and Palestine, State of","Fuel Exploitation",2.47449303357502
"ISR","Israel and Palestine, State of","Industrial Combustion",3.2750450872515
"ISR","Israel and Palestine, State of","Power Industry",28.8035318861448
"ISR","Israel and Palestine, State of","Processes",11.2084292596058
"ISR","Israel and Palestine, State of","Transport",17.7061223820826
"ISR","Israel and Palestine, State of","Waste",7.43839634157058
"ITA","Italy, San Marino and the Holy See","Agriculture",30.4223626649481
"ITA","Italy, San Marino and the Holy See","Buildings",60.0599420676816
"ITA","Italy, San Marino and the Holy See","Fuel Exploitation",18.0644744261637
"ITA","Italy, San Marino and the Holy See","Industrial Combustion",35.2419279622341
"ITA","Italy, San Marino and the Holy See","Power Industry",69.6529324836603
"ITA","Italy, San Marino and the Holy See","Processes",34.7788866252073
"ITA","Italy, San Marino and the Holy See","Transport",105.986149550925
"ITA","Italy, San Marino and the Holy See","Waste",16.9650352153602
"JAM","Jamaica","Agriculture",0.6187857161811
"JAM","Jamaica","Buildings",0.773897733487261
"JAM","Jamaica","Fuel Exploitation",0.126067886531468
"JAM","Jamaica","Industrial Combustion",1.52137752887528
"JAM","Jamaica","Power Industry",2.64567051079345
"JAM","Jamaica","Processes",0.686183853994271
"JAM","Jamaica","Transport",2.73261577814416
"JAM","Jamaica","Waste",0.320101404595623
"JOR","Jordan","Agriculture",1.17437450442071
"JOR","Jordan","Buildings",3.01219010188419
"JOR","Jordan","Fuel Exploitation",0.25314486538498
"JOR","Jordan","Industrial Combustion",2.84833789389054
"JOR","Jordan","Power Industry",8.25640179998998
"JOR","Jordan","Processes",5.84207011021284
"JOR","Jordan","Transport",8.08477126685996
"JOR","Jordan","Waste",5.38444437610301
"JPN","Japan","Agriculture",44.8488566148489
"JPN","Japan","Buildings",105.764717809387
"JPN","Japan","Fuel Exploitation",47.8894598975492
"JPN","Japan","Industrial Combustion",161.798548375548
"JPN","Japan","Power Industry",435.64424088317
"JPN","Japan","Processes",78.6958043876447
"JPN","Japan","Transport",177.187222445785
"JPN","Japan","Waste",11.5069987784008
"KAZ","Kazakhstan","Agriculture",30.2990402223637
"KAZ","Kazakhstan","Buildings",39.6932084943651
"KAZ","Kazakhstan","Fuel Exploitation",49.6765795803464
"KAZ","Kazakhstan","Industrial Combustion",25.0512083360925
"KAZ","Kazakhstan","Power Industry",130.547784918413
"KAZ","Kazakhstan","Processes",18.7053200970246
"KAZ","Kazakhstan","Transport",31.4755641431479
"KAZ","Kazakhstan","Waste",4.94464010528333
"KEN","Kenya","Agriculture",64.4890962660479
"KEN","Kenya","Buildings",5.89596311028693
"KEN","Kenya","Fuel Exploitation",8.06972139046808
"KEN","Kenya","Industrial Combustion",3.73650594977919
"KEN","Kenya","Power Industry",1.25767377137895
"KEN","Kenya","Processes",4.89636322332122
"KEN","Kenya","Transport",10.567253483265
"KEN","Kenya","Waste",3.92357461249007
"KGZ","Kyrgyzstan","Agriculture",7.58047799292445
"KGZ","Kyrgyzstan","Buildings",4.72421367330108
"KGZ","Kyrgyzstan","Fuel Exploitation",1.04926586311686
"KGZ","Kyrgyzstan","Industrial Combustion",0.523923215091258
"KGZ","Kyrgyzstan","Power Industry",2.75433906324488
"KGZ","Kyrgyzstan","Processes",1.27248498639946
"KGZ","Kyrgyzstan","Transport",1.50863411584826
"KGZ","Kyrgyzstan","Waste",2.95562208400612
"KHM","Cambodia","Agriculture",26.1733192573607
"KHM","Cambodia","Buildings",2.20678669490653
"KHM","Cambodia","Fuel Exploitation",0.799846475801366
"KHM","Cambodia","Industrial Combustion",3.1030895964873
"KHM","Cambodia","Power Industry",4.00243915441083
"KHM","Cambodia","Processes",4.54810894224196
"KHM","Cambodia","Transport",7.28837249809938
"KHM","Cambodia","Waste",1.71279229592815
"KIR","Kiribati","Agriculture",0.0063769120489248
"KIR","Kiribati","Buildings",0.0113515682115801
"KIR","Kiribati","Fuel Exploitation",0.00128681070767745
"KIR","Kiribati","Industrial Combustion",0.00972546874772069
"KIR","Kiribati","Power Industry",0.0183298897981993
"KIR","Kiribati","Processes",0.0017704007156873
"KIR","Kiribati","Transport",0.0411353643127491
"KIR","Kiribati","Waste",0.0252118989458362
"KNA","Saint Kitts and Nevis","Agriculture",0.015108065759053
"KNA","Saint Kitts and Nevis","Buildings",0.010920486651954
"KNA","Saint Kitts and Nevis","Fuel Exploitation",0
"KNA","Saint Kitts and Nevis","Industrial Combustion",0.0092569742835329
"KNA","Saint Kitts and Nevis","Power Industry",0.0684665786954125
"KNA","Saint Kitts and Nevis","Processes",0.00229774760164234
"KNA","Saint Kitts and Nevis","Transport",0.0469284951562523
"KNA","Saint Kitts and Nevis","Waste",0.0325133949682299
"KOR","South Korea","Agriculture",25.4211210305023
"KOR","South Korea","Buildings",49.7908055877884
"KOR","South Korea","Fuel Exploitation",52.8810538530589
"KOR","South Korea","Industrial Combustion",62.2111091298962
"KOR","South Korea","Power Industry",267.20926473995
"KOR","South Korea","Processes",78.4321187920608
"KOR","South Korea","Transport",110.83110238936
"KOR","South Korea","Waste",21.4686954852856
"KWT","Kuwait","Agriculture",0.443964731371519
"KWT","Kuwait","Buildings",1.17542021943132
"KWT","Kuwait","Fuel Exploitation",47.4106453455538
"KWT","Kuwait","Industrial Combustion",16.9842415977458
"KWT","Kuwait","Power Industry",51.2684389216879
"KWT","Kuwait","Processes",25.5540052488725
"KWT","Kuwait","Transport",19.2705157185404
"KWT","Kuwait","Waste",11.2234649103658
"LAO","Laos","Agriculture",12.3162913672709
"LAO","Laos","Buildings",0.683073296920214
"LAO","Laos","Fuel Exploitation",1.67685093851086
"LAO","Laos","Industrial Combustion",1.53389478838559
"LAO","Laos","Power Industry",16.5387702550035
"LAO","Laos","Processes",5.50802360250298
"LAO","Laos","Transport",2.69668463179253
"LAO","Laos","Waste",0.596048701357901
"LBN","Lebanon","Agriculture",0.662782959059788
"LBN","Lebanon","Buildings",0.501036928827767
"LBN","Lebanon","Fuel Exploitation",0.0148325422305
"LBN","Lebanon","Industrial Combustion",1.08115722574448
"LBN","Lebanon","Power Industry",1.99679848122159
"LBN","Lebanon","Processes",4.2252253856575
"LBN","Lebanon","Transport",6.5603421375942
"LBN","Lebanon","Waste",3.74413896565755
"LBR","Liberia","Agriculture",0.52775107226352
"LBR","Liberia","Buildings",1.37190986741806
"LBR","Liberia","Fuel Exploitation",1.04718471748837
"LBR","Liberia","Industrial Combustion",0.0834022401264955
"LBR","Liberia","Power Industry",0.126414727574747
"LBR","Liberia","Processes",0.30951154180318
"LBR","Liberia","Transport",0.401473040025491
"LBR","Liberia","Waste",0.59226133707578
"LBY","Libya","Agriculture",2.67635962451773
"LBY","Libya","Buildings",1.30113144220747
"LBY","Libya","Fuel Exploitation",36.4585524595973
"LBY","Libya","Industrial Combustion",2.62157783993838
"LBY","Libya","Power Industry",23.263329706906
"LBY","Libya","Processes",8.39635042938486
"LBY","Libya","Transport",20.2751320451285
"LBY","Libya","Waste",3.17844256908529
"LCA","Saint Lucia","Agriculture",0.0304696049597434
"LCA","Saint Lucia","Buildings",0.0256470634280767
"LCA","Saint Lucia","Fuel Exploitation",0.00295787582084162
"LCA","Saint Lucia","Industrial Combustion",0.0212134550315315
"LCA","Saint Lucia","Power Industry",0.155903710644933
"LCA","Saint Lucia","Processes",0.0889856202460486
"LCA","Saint Lucia","Transport",0.106700328439237
"LCA","Saint Lucia","Waste",0.0366433141067616
"LKA","Sri Lanka","Agriculture",7.22751524122102
"LKA","Sri Lanka","Buildings",2.00733245463946
"LKA","Sri Lanka","Fuel Exploitation",0.0172457512313174
"LKA","Sri Lanka","Industrial Combustion",1.14575943221359
"LKA","Sri Lanka","Power Industry",8.3418666154139
"LKA","Sri Lanka","Processes",2.92371100456552
"LKA","Sri Lanka","Transport",10.5343538960566
"LKA","Sri Lanka","Waste",4.9687501682256
"LSO","Lesotho","Agriculture",1.08833033103166
"LSO","Lesotho","Buildings",0.45927185621646
"LSO","Lesotho","Fuel Exploitation",0.339612051096449
"LSO","Lesotho","Industrial Combustion",0.121484525945075
"LSO","Lesotho","Power Industry",0.187480812021204
"LSO","Lesotho","Processes",0.056881228700464
"LSO","Lesotho","Transport",0.596896340514823
"LSO","Lesotho","Waste",0.205008021202498
"LTU","Lithuania","Agriculture",5.44379093570049
"LTU","Lithuania","Buildings",1.54353731070026
"LTU","Lithuania","Fuel Exploitation",1.69153141585933
"LTU","Lithuania","Industrial Combustion",1.02701353550147
"LTU","Lithuania","Power Industry",1.10851512711837
"LTU","Lithuania","Processes",3.85044525440459
"LTU","Lithuania","Transport",6.05153726399212
"LTU","Lithuania","Waste",0.819336270318642
"LUX","Luxembourg","Agriculture",0.60636561533485
"LUX","Luxembourg","Buildings",1.51362890861981
"LUX","Luxembourg","Fuel Exploitation",0.027456483074003
"LUX","Luxembourg","Industrial Combustion",0.666555438882924
"LUX","Luxembourg","Power Industry",0.170984299480778
"LUX","Luxembourg","Processes",0.58363593525902
"LUX","Luxembourg","Transport",4.36050683614542
"LUX","Luxembourg","Waste",0.124533903164631
"LVA","Latvia","Agriculture",3.39283360812556
"LVA","Latvia","Buildings",1.51123304406864
"LVA","Latvia","Fuel Exploitation",0.214851501085314
"LVA","Latvia","Industrial Combustion",0.660563137836491
"LVA","Latvia","Power Industry",1.10091004420098
"LVA","Latvia","Processes",1.19722097699105
"LVA","Latvia","Transport",2.95506093875197
"LVA","Latvia","Waste",0.609715599346503
"MAC","Macao","Agriculture",0.0035890880058408
"MAC","Macao","Buildings",0.220555361252444
"MAC","Macao","Fuel Exploitation",0.0763773149316678
"MAC","Macao","Industrial Combustion",0.212156525992652
"MAC","Macao","Power Industry",0.425725549953409
"MAC","Macao","Processes",0.0163735845161103
"MAC","Macao","Transport",0.816168513934151
"MAC","Macao","Waste",0.0491488887523509
"MAR","Morocco","Agriculture",12.5228988020963
"MAR","Morocco","Buildings",12.8134046489544
"MAR","Morocco","Fuel Exploitation",0.147379248365814
"MAR","Morocco","Industrial Combustion",6.71361565214534
"MAR","Morocco","Power Industry",26.8112602768897
"MAR","Morocco","Processes",7.3079263904049
"MAR","Morocco","Transport",19.778007179729
"MAR","Morocco","Waste",22.6419315420951
"MDA","Moldova","Agriculture",1.77351489272029
"MDA","Moldova","Buildings",1.6468406246077
"MDA","Moldova","Fuel Exploitation",0.11832703635155
"MDA","Moldova","Industrial Combustion",0.267871823174608
"MDA","Moldova","Power Industry",3.65761471155067
"MDA","Moldova","Processes",0.954230705027938
"MDA","Moldova","Transport",2.20893196953301
"MDA","Moldova","Waste",1.03099274664837
"MDG","Madagascar","Agriculture",21.7628522556275
"MDG","Madagascar","Buildings",2.38256457332857
"MDG","Madagascar","Fuel Exploitation",3.09947110239675
"MDG","Madagascar","Industrial Combustion",0.718882383286371
"MDG","Madagascar","Power Industry",1.98931001064488
"MDG","Madagascar","Processes",1.36621889009831
"MDG","Madagascar","Transport",1.60081336057571
"MDG","Madagascar","Waste",2.86985393546094
"MDV","Maldives","Agriculture",2.18179009561097e-05
"MDV","Maldives","Buildings",0.260422784431261
"MDV","Maldives","Fuel Exploitation",0.00272023601466446
"MDV","Maldives","Industrial Combustion",0.229800092988686
"MDV","Maldives","Power Industry",0.433205754398703
"MDV","Maldives","Processes",0.0200680528312133
"MDV","Maldives","Transport",0.975941103836917
"MDV","Maldives","Waste",0.171193147141582
"MEX","Mexico","Agriculture",119.163431551935
"MEX","Mexico","Buildings",34.8236665427765
"MEX","Mexico","Fuel Exploitation",70.8841177463634
"MEX","Mexico","Industrial Combustion",44.7675817422379
"MEX","Mexico","Power Industry",155.491470248122
"MEX","Mexico","Processes",81.0827435030963
"MEX","Mexico","Transport",129.170956249429
"MEX","Mexico","Waste",51.3954018953916
"MKD","North Macedonia","Agriculture",0.737311656948546
"MKD","North Macedonia","Buildings",0.252886591754089
"MKD","North Macedonia","Fuel Exploitation",0.110019439895577
"MKD","North Macedonia","Industrial Combustion",0.656597877780084
"MKD","North Macedonia","Power Industry",3.42984762281102
"MKD","North Macedonia","Processes",1.36004534206269
"MKD","North Macedonia","Transport",2.48794990197132
"MKD","North Macedonia","Waste",0.777437901651875
"MLI","Mali","Agriculture",36.8254058330066
"MLI","Mali","Buildings",1.41896136123762
"MLI","Mali","Fuel Exploitation",0.55645130898381
"MLI","Mali","Industrial Combustion",0.799233944612137
"MLI","Mali","Power Industry",1.2354148090507
"MLI","Mali","Processes",1.42667679255841
"MLI","Mali","Transport",3.93613240545264
"MLI","Mali","Waste",1.81023309115877
"MLT","Malta","Agriculture",0.068548595296637
"MLT","Malta","Buildings",0.140933734257057
"MLT","Malta","Fuel Exploitation",2.627960660737e-05
"MLT","Malta","Industrial Combustion",0.0654311751008147
"MLT","Malta","Power Industry",0.823315799078952
"MLT","Malta","Processes",0.175408185718995
"MLT","Malta","Transport",0.778991015431797
"MLT","Malta","Waste",0.190964443035563
"MMR","Myanmar/Burma","Agriculture",76.9227022388765
"MMR","Myanmar/Burma","Buildings",6.1175128898685
"MMR","Myanmar/Burma","Fuel Exploitation",2.16047828988322
"MMR","Myanmar/Burma","Industrial Combustion",3.37995013490852
"MMR","Myanmar/Burma","Power Industry",6.28813493718899
"MMR","Myanmar/Burma","Processes",4.66906230603196
"MMR","Myanmar/Burma","Transport",13.7682096367464
"MMR","Myanmar/Burma","Waste",4.48148594010125
"MNG","Mongolia","Agriculture",29.820203711544
"MNG","Mongolia","Buildings",3.65492768772825
"MNG","Mongolia","Fuel Exploitation",46.0976481098769
"MNG","Mongolia","Industrial Combustion",2.35122021535494
"MNG","Mongolia","Power Industry",17.878748040191
"MNG","Mongolia","Processes",0.71473489544791
"MNG","Mongolia","Transport",3.24522095350031
"MNG","Mongolia","Waste",0.592262347778597
"MOZ","Mozambique","Agriculture",7.1528447481898
"MOZ","Mozambique","Buildings",2.16733000638166
"MOZ","Mozambique","Fuel Exploitation",11.7980836786006
"MOZ","Mozambique","Industrial Combustion",1.07716922024162
"MOZ","Mozambique","Power Industry",1.5450081185414
"MOZ","Mozambique","Processes",2.95425507910816
"MOZ","Mozambique","Transport",4.59794997993746
"MOZ","Mozambique","Waste",2.33294916976838
"MRT","Mauritania","Agriculture",9.4490019583083
"MRT","Mauritania","Buildings",0.802133006918742
"MRT","Mauritania","Fuel Exploitation",0.7238656120932
"MRT","Mauritania","Industrial Combustion",0.559570462907901
"MRT","Mauritania","Power Industry",0.865423117623439
"MRT","Mauritania","Processes",1.31710296836162
"MRT","Mauritania","Transport",2.75752347055935
"MRT","Mauritania","Waste",1.03400006787252
"MTQ","Martinique","Agriculture",0.031874834611173
"MTQ","Martinique","Buildings",0.0688036924002019
"MTQ","Martinique","Fuel Exploitation",0.00788841373799267
"MTQ","Martinique","Industrial Combustion",0.0314537138683312
"MTQ","Martinique","Power Industry",0.537096702444368
"MTQ","Martinique","Processes",0.0759177572648237
"MTQ","Martinique","Transport",0.38626978777269
"MTQ","Martinique","Waste",0.062502603567494
"MUS","Mauritius","Agriculture",0.119272632800954
"MUS","Mauritius","Buildings",0.244149763838428
"MUS","Mauritius","Fuel Exploitation",0.000678000770071331
"MUS","Mauritius","Industrial Combustion",0.355029337674073
"MUS","Mauritius","Power Industry",2.56856268523182
"MUS","Mauritius","Processes",1.38917187318901
"MUS","Mauritius","Transport",1.25179353932988
"MUS","Mauritius","Waste",0.542937964240574
"MWI","Malawi","Agriculture",9.2222976703586
"MWI","Malawi","Buildings",1.11777300271458
"MWI","Malawi","Fuel Exploitation",1.9246177240212
"MWI","Malawi","Industrial Combustion",2.42551685393837
"MWI","Malawi","Power Industry",0.50458063808893
"MWI","Malawi","Processes",0.95334774209444
"MWI","Malawi","Transport",1.37237431079642
"MWI","Malawi","Waste",1.50305658047234
"MYS","Malaysia","Agriculture",9.1683553379243
"MYS","Malaysia","Buildings",8.64415175188061
"MYS","Malaysia","Fuel Exploitation",51.8696599565934
"MYS","Malaysia","Industrial Combustion",35.3880543402153
"MYS","Malaysia","Power Industry",129.184702815982
"MYS","Malaysia","Processes",23.7855576852431
"MYS","Malaysia","Transport",61.217483971502
"MYS","Malaysia","Waste",12.9088622043796
"NAM","Namibia","Agriculture",8.5761122188756
"NAM","Namibia","Buildings",1.06119834869942
"NAM","Namibia","Fuel Exploitation",1.1120010493645
"NAM","Namibia","Industrial Combustion",0.235469552343453
"NAM","Namibia","Power Industry",0.0331100475207761
"NAM","Namibia","Processes",0.776007744017589
"NAM","Namibia","Transport",2.02870402269597
"NAM","Namibia","Waste",0.389528830398279
"NCL","New Caledonia","Agriculture",0.179974990619865
"NCL","New Caledonia","Buildings",0.334472274472022
"NCL","New Caledonia","Fuel Exploitation",0.00198482915304914
"NCL","New Caledonia","Industrial Combustion",2.14001347733479
"NCL","New Caledonia","Power Industry",1.35773795993759
"NCL","New Caledonia","Processes",0.059592653591176
"NCL","New Caledonia","Transport",1.25298316242404
"NCL","New Caledonia","Waste",0.0548528204514404
"NER","Niger","Agriculture",33.8422353406683
"NER","Niger","Buildings",1.41280330906407
"NER","Niger","Fuel Exploitation",0.651352949618565
"NER","Niger","Industrial Combustion",0.344146032677487
"NER","Niger","Power Industry",0.726364774692876
"NER","Niger","Processes",0.942395483499515
"NER","Niger","Transport",1.5696997866703
"NER","Niger","Waste",1.65714927660202
"NGA","Nigeria","Agriculture",80.9872692480174
"NGA","Nigeria","Buildings",14.2075271690827
"NGA","Nigeria","Fuel Exploitation",98.8153834090741
"NGA","Nigeria","Industrial Combustion",11.3297622773341
"NGA","Nigeria","Power Industry",16.1013676023841
"NGA","Nigeria","Processes",31.9723145813382
"NGA","Nigeria","Transport",61.6027635003365
"NGA","Nigeria","Waste",35.5389665345208
"NIC","Nicaragua","Agriculture",11.4805648511611
"NIC","Nicaragua","Buildings",1.24606543079353
"NIC","Nicaragua","Fuel Exploitation",0.187026200529056
"NIC","Nicaragua","Industrial Combustion",0.603460676104604
"NIC","Nicaragua","Power Industry",1.19713969053552
"NIC","Nicaragua","Processes",0.655886054392121
"NIC","Nicaragua","Transport",2.6786809890324
"NIC","Nicaragua","Waste",1.10979720205678
"NLD","Netherlands","Agriculture",17.661129864946
"NLD","Netherlands","Buildings",23.027006538744
"NLD","Netherlands","Fuel Exploitation",11.704696479181
"NLD","Netherlands","Industrial Combustion",19.7818378584703
"NLD","Netherlands","Power Industry",31.3071729064463
"NLD","Netherlands","Processes",13.3453752442384
"NLD","Netherlands","Transport",24.6926109081555
"NLD","Netherlands","Waste",3.48684472438328
"NOR","Norway","Agriculture",4.9414169219674
"NOR","Norway","Buildings",2.84233646002997
"NOR","Norway","Fuel Exploitation",14.507542012418
"NOR","Norway","Industrial Combustion",5.91919257067483
"NOR","Norway","Power Industry",1.65391904441736
"NOR","Norway","Processes",9.34490059537524
"NOR","Norway","Transport",12.9035692889704
"NOR","Norway","Waste",1.64675951686554
"NPL","Nepal","Agriculture",18.7501074266048
"NPL","Nepal","Buildings",5.89642167396994
"NPL","Nepal","Fuel Exploitation",0.0611775557550657
"NPL","Nepal","Industrial Combustion",6.58775744086184
"NPL","Nepal","Power Industry",2.82837142138347e-05
"NPL","Nepal","Processes",2.53063995968692
"NPL","Nepal","Transport",5.14862294697439
"NPL","Nepal","Waste",2.49347940980775
"NZL","New Zealand","Agriculture",39.7052678710501
"NZL","New Zealand","Buildings",3.48520650806375
"NZL","New Zealand","Fuel Exploitation",1.28342277171268
"NZL","New Zealand","Industrial Combustion",5.88215034686552
"NZL","New Zealand","Power Industry",4.14605302951153
"NZL","New Zealand","Processes",4.06079887895118
"NZL","New Zealand","Transport",15.3045455725224
"NZL","New Zealand","Waste",3.96990829888552
"OMN","Oman","Agriculture",1.86732940152032
"OMN","Oman","Buildings",22.2367652693935
"OMN","Oman","Fuel Exploitation",42.2459006708175
"OMN","Oman","Industrial Combustion",14.291580830395
"OMN","Oman","Power Industry",17.1521420516863
"OMN","Oman","Processes",17.3923868440171
"OMN","Oman","Transport",13.1631488115303
"OMN","Oman","Waste",3.91540776585348
"PAK","Pakistan","Agriculture",261.24092983421
"PAK","Pakistan","Buildings",31.4196247687396
"PAK","Pakistan","Fuel Exploitation",17.542896551986
"PAK","Pakistan","Industrial Combustion",43.9810484528709
"PAK","Pakistan","Power Industry",56.801659648189
"PAK","Pakistan","Processes",38.9234938280905
"PAK","Pakistan","Transport",48.7600679473388
"PAK","Pakistan","Waste",27.2127504065587
"PAN","Panama","Agriculture",3.81564905385031
"PAN","Panama","Buildings",0.603413897303421
"PAN","Panama","Fuel Exploitation",0.00397245283241021
"PAN","Panama","Industrial Combustion",1.89854260719101
"PAN","Panama","Power Industry",3.48660520624078
"PAN","Panama","Processes",1.44243320635063
"PAN","Panama","Transport",6.21736668589158
"PAN","Panama","Waste",1.74997140923667
"PER","Peru","Agriculture",21.1833586850001
"PER","Peru","Buildings",5.95044473963832
"PER","Peru","Fuel Exploitation",6.3145362721157
"PER","Peru","Industrial Combustion",10.654366361901
"PER","Peru","Power Industry",14.4506385402433
"PER","Peru","Processes",7.40516672048017
"PER","Peru","Transport",29.6715959056104
"PER","Peru","Waste",8.18291739612698
"PHL","Philippines","Agriculture",52.0768800340696
"PHL","Philippines","Buildings",13.0318884149148
"PHL","Philippines","Fuel Exploitation",14.451881298351
"PHL","Philippines","Industrial Combustion",15.3622572589494
"PHL","Philippines","Power Industry",98.4258345909631
"PHL","Philippines","Processes",20.9206375450497
"PHL","Philippines","Transport",39.4423499342029
"PHL","Philippines","Waste",12.8855551473711
"PLW","Palau","Buildings",0.108345201031103
"PLW","Palau","Fuel Exploitation",0.0333080451965401
"PLW","Palau","Industrial Combustion",0.0977952094693006
"PLW","Palau","Power Industry",0.490995731189948
"PLW","Palau","Processes",0.0147860243144607
"PLW","Palau","Transport",0.784287316700708
"PLW","Palau","Waste",0.00429351014419579
"PNG","Papua New Guinea","Agriculture",1.7463955919824
"PNG","Papua New Guinea","Buildings",1.14066370592928
"PNG","Papua New Guinea","Fuel Exploitation",2.39739136580287
"PNG","Papua New Guinea","Industrial Combustion",0.656067071178475
"PNG","Papua New Guinea","Power Industry",1.38674744113908
"PNG","Papua New Guinea","Processes",0.226510873484513
"PNG","Papua New Guinea","Transport",2.24864459402056
"PNG","Papua New Guinea","Waste",0.958667257329535
"POL","Poland","Agriculture",36.3273635232683
"POL","Poland","Buildings",44.8653501969128
"POL","Poland","Fuel Exploitation",24.6247954303338
"POL","Poland","Industrial Combustion",25.257694727703
"POL","Poland","Power Industry",114.764927858643
"POL","Poland","Processes",26.6279704398337
"POL","Poland","Transport",69.4193137632463
"POL","Poland","Waste",6.30762503859587
"PRI","Puerto Rico","Agriculture",0.56915314750057
"PRI","Puerto Rico","Buildings",0.726881152456848
"PRI","Puerto Rico","Fuel Exploitation",0.00483641858966551
"PRI","Puerto Rico","Industrial Combustion",0.0994048520233075
"PRI","Puerto Rico","Power Industry",12.6768475370189
"PRI","Puerto Rico","Processes",0.209519604784195
"PRI","Puerto Rico","Transport",2.22021224593076
"PRI","Puerto Rico","Waste",1.10963896136237
"PRK","North Korea","Agriculture",4.41784723561474
"PRK","North Korea","Buildings",12.9286714821384
"PRK","North Korea","Fuel Exploitation",11.2275411601835
"PRK","North Korea","Industrial Combustion",33.0131276119654
"PRK","North Korea","Power Industry",13.5376402992054
"PRK","North Korea","Processes",6.60045032981566
"PRK","North Korea","Transport",5.04994792421849
"PRK","North Korea","Waste",4.47658914667374
"PRT","Portugal","Agriculture",6.75883820692582
"PRT","Portugal","Buildings",3.86670116692591
"PRT","Portugal","Fuel Exploitation",3.00618432261382
"PRT","Portugal","Industrial Combustion",4.66470326476986
"PRT","Portugal","Power Industry",4.71385820916779
"PRT","Portugal","Processes",7.51454913823454
"PRT","Portugal","Transport",17.2472387447944
"PRT","Portugal","Waste",5.39752100247685
"PRY","Paraguay","Agriculture",30.2188804336256
"PRY","Paraguay","Buildings",0.553196996952991
"PRY","Paraguay","Fuel Exploitation",1.0455156199284
"PRY","Paraguay","Industrial Combustion",0.557548244478727
"PRY","Paraguay","Power Industry",0.0047753775069307
"PRY","Paraguay","Processes",1.51431011256281
"PRY","Paraguay","Transport",6.84464855292514
"PRY","Paraguay","Waste",0.703159962949995
"PYF","French Polynesia","Agriculture",0.038574889994874
"PYF","French Polynesia","Buildings",0.134552116007355
"PYF","French Polynesia","Fuel Exploitation",0.00160568459302739
"PYF","French Polynesia","Industrial Combustion",0.119144932488909
"PYF","French Polynesia","Power Industry",0.224610143635232
"PYF","French Polynesia","Processes",0.0108174999554573
"PYF","French Polynesia","Transport",0.504093308971752
"PYF","French Polynesia","Waste",0.047604913135342
"QAT","Qatar","Agriculture",0.537583129676832
"QAT","Qatar","Buildings",0.473128815177853
"QAT","Qatar","Fuel Exploitation",70.1892217345039
"QAT","Qatar","Industrial Combustion",24.3041573241493
"QAT","Qatar","Power Industry",30.0934484312839
"QAT","Qatar","Processes",20.2776352869806
"QAT","Qatar","Transport",13.2199077945129
"QAT","Qatar","Waste",3.64960617392286
"REU","Réunion","Agriculture",0.141944499787229
"REU","Réunion","Buildings",0.242557618031291
"REU","Réunion","Fuel Exploitation",0.0416972262995511
"REU","Réunion","Industrial Combustion",0.375096906786684
"REU","Réunion","Power Industry",0.586456518914412
"REU","Réunion","Processes",0.140238039391906
"REU","Réunion","Transport",1.39866044706172
"REU","Réunion","Waste",0.107737642128109
"ROU","Romania","Agriculture",15.9454197512508
"ROU","Romania","Buildings",13.7656350429731
"ROU","Romania","Fuel Exploitation",5.58734445533984
"ROU","Romania","Industrial Combustion",10.2698342148589
"ROU","Romania","Power Industry",14.7274754397032
"ROU","Romania","Processes",12.2800656247102
"ROU","Romania","Transport",23.0321858559735
"ROU","Romania","Waste",6.24962937518044
"RUS","Russia","Agriculture",121.257179074592
"RUS","Russia","Buildings",245.494916028274
"RUS","Russia","Fuel Exploitation",482.509959636616
"RUS","Russia","Industrial Combustion",291.792543050664
"RUS","Russia","Power Industry",854.987395829232
"RUS","Russia","Processes",196.064995766362
"RUS","Russia","Transport",291.292329790691
"RUS","Russia","Waste",92.2554447180666
"RWA","Rwanda","Agriculture",2.58766304088038
"RWA","Rwanda","Buildings",1.20736396821975
"RWA","Rwanda","Fuel Exploitation",0.988516559272901
"RWA","Rwanda","Industrial Combustion",0.411075324283078
"RWA","Rwanda","Power Industry",0.550383842247379
"RWA","Rwanda","Processes",0.52856717157736
"RWA","Rwanda","Transport",0.827902427991492
"RWA","Rwanda","Waste",1.24840841416878
"SAU","Saudi Arabia","Agriculture",12.3711987677195
"SAU","Saudi Arabia","Buildings",5.32338507511709
"SAU","Saudi Arabia","Fuel Exploitation",106.205345097888
"SAU","Saudi Arabia","Industrial Combustion",103.179798465145
"SAU","Saudi Arabia","Power Industry",279.164338639454
"SAU","Saudi Arabia","Processes",153.681693247379
"SAU","Saudi Arabia","Transport",145.108037740276
"SAU","Saudi Arabia","Waste",33.8427540814765
"SCG","Serbia and Montenegro","Agriculture",5.78528443454863
"SCG","Serbia and Montenegro","Buildings",3.61498788559323
"SCG","Serbia and Montenegro","Fuel Exploitation",2.78677573947281
"SCG","Serbia and Montenegro","Industrial Combustion",4.04824804625961
"SCG","Serbia and Montenegro","Power Industry",34.7227862596054
"SCG","Serbia and Montenegro","Processes",3.31264717267185
"SCG","Serbia and Montenegro","Transport",10.4636461362274
"SCG","Serbia and Montenegro","Waste",2.01929925379869
"SDN","Sudan and South Sudan","Agriculture",93.148550079894
"SDN","Sudan and South Sudan","Buildings",4.03203978059693
"SDN","Sudan and South Sudan","Fuel Exploitation",7.93260308334176
"SDN","Sudan and South Sudan","Industrial Combustion",1.35685123059046
"SDN","Sudan and South Sudan","Power Industry",4.00562976670465
"SDN","Sudan and South Sudan","Processes",3.71426259694021
"SDN","Sudan and South Sudan","Transport",13.7673103630764
"SDN","Sudan and South Sudan","Waste",10.7447048180168
"SEA","International Shipping","Fuel Exploitation",11.89381510446
"SEA","International Shipping","Processes",20.92761094808
"SEA","International Shipping","Transport",704.500764525619
"SEN","Senegal","Agriculture",12.5753150127536
"SEN","Senegal","Buildings",1.03509802796642
"SEN","Senegal","Fuel Exploitation",0.846331141049719
"SEN","Senegal","Industrial Combustion",0.58721020751797
"SEN","Senegal","Power Industry",3.9983860714662
"SEN","Senegal","Processes",4.81307705181597
"SEN","Senegal","Transport",5.64329881407625
"SEN","Senegal","Waste",2.22189567420191
"SGP","Singapore","Agriculture",0.0129874018773546
"SGP","Singapore","Buildings",0.784954772674037
"SGP","Singapore","Fuel Exploitation",5.12494692541796
"SGP","Singapore","Industrial Combustion",13.9526697753026
"SGP","Singapore","Power Industry",23.0352253017354
"SGP","Singapore","Processes",22.6040721366339
"SGP","Singapore","Transport",6.33020928859811
"SGP","Singapore","Waste",4.24769273382406
"SHN","Saint Helena, Ascension and Tristan da Cunha","Agriculture",0.00185108447832397
"SHN","Saint Helena, Ascension and Tristan da Cunha","Buildings",3.511253070903e-06
"SHN","Saint Helena, Ascension and Tristan da Cunha","Fuel Exploitation",0.00069292965973066
"SHN","Saint Helena, Ascension and Tristan da Cunha","Industrial Combustion",0.000119634073442912
"SHN","Saint Helena, Ascension and Tristan da Cunha","Power Industry",0.00575843439734325
"SHN","Saint Helena, Ascension and Tristan da Cunha","Processes",0.000224008688776963
"SHN","Saint Helena, Ascension and Tristan da Cunha","Transport",0.0118921896679722
"SHN","Saint Helena, Ascension and Tristan da Cunha","Waste",0.00046647169909459
"SLB","Solomon Islands","Agriculture",0.070020459188374
"SLB","Solomon Islands","Buildings",0.0564061279594815
"SLB","Solomon Islands","Fuel Exploitation",0.00470489538455426
"SLB","Solomon Islands","Industrial Combustion",0.0384790842655069
"SLB","Solomon Islands","Power Industry",0.0723532472496965
"SLB","Solomon Islands","Processes",0.0087927256589864
"SLB","Solomon Islands","Transport",0.162278919039742
"SLB","Solomon Islands","Waste",0.206716527255375
"SLE","Sierra Leone","Agriculture",3.21201074965462
"SLE","Sierra Leone","Buildings",0.943098924579223
"SLE","Sierra Leone","Fuel Exploitation",1.46475248073246
"SLE","Sierra Leone","Industrial Combustion",0.160322026946541
"SLE","Sierra Leone","Power Industry",0.246395922719741
"SLE","Sierra Leone","Processes",0.252635595323958
"SLE","Sierra Leone","Transport",0.784419638544366
"SLE","Sierra Leone","Waste",0.864847715577911
"SLV","El Salvador","Agriculture",2.44075717097837
"SLV","El Salvador","Buildings",0.821643882066934
"SLV","El Salvador","Fuel Exploitation",0.000569609175056393
"SLV","El Salvador","Industrial Combustion",2.40506697298536
"SLV","El Salvador","Power Industry",1.24203769594039
"SLV","El Salvador","Processes",0.969434582872093
"SLV","El Salvador","Transport",4.63449196658602
"SLV","El Salvador","Waste",2.23763274418301
"SOM","Somalia","Agriculture",21.7944007272899
"SOM","Somalia","Buildings",2.41980099228169
"SOM","Somalia","Fuel Exploitation",4.47062025124867
"SOM","Somalia","Industrial Combustion",0.105016401732726
"SOM","Somalia","Power Industry",0.157567572856457
"SOM","Somalia","Processes",2.08185176683123
"SOM","Somalia","Transport",0.499749067999307
"SOM","Somalia","Waste",2.88786608892643
"SPM","Saint Pierre and Miquelon","Agriculture",0.00042669169922718
"SPM","Saint Pierre and Miquelon","Buildings",0.0023689220608864
"SPM","Saint Pierre and Miquelon","Fuel Exploitation",0
"SPM","Saint Pierre and Miquelon","Industrial Combustion",0.00198182013129795
"SPM","Saint Pierre and Miquelon","Power Industry",0.0145900734721606
"SPM","Saint Pierre and Miquelon","Processes",0.000282370909089408
"SPM","Saint Pierre and Miquelon","Transport",0.00986118895435919
"SPM","Saint Pierre and Miquelon","Waste",0.00549669946859406
"STP","São Tomé and Príncipe","Agriculture",0.0177467383500223
"STP","São Tomé and Príncipe","Buildings",0.0307785097409988
"STP","São Tomé and Príncipe","Fuel Exploitation",0.0295070391782622
"STP","São Tomé and Príncipe","Industrial Combustion",0.0179356432720964
"STP","São Tomé and Príncipe","Power Industry",0.027728954918549
"STP","São Tomé and Príncipe","Processes",0.00386976781592586
"STP","São Tomé and Príncipe","Transport",0.0882680636150221
"STP","São Tomé and Príncipe","Waste",0.0296304148209396
"SUR","Suriname","Agriculture",0.581109365222253
"SUR","Suriname","Buildings",0.641596441249042
"SUR","Suriname","Fuel Exploitation",0.227983491975484
"SUR","Suriname","Industrial Combustion",0.110515420523371
"SUR","Suriname","Power Industry",0.830905756732307
"SUR","Suriname","Processes",0.045658340994062
"SUR","Suriname","Transport",0.988834045988422
"SUR","Suriname","Waste",0.23997248014115
"SVK","Slovakia","Agriculture",2.8969515192268
"SVK","Slovakia","Buildings",4.37027616948874
"SVK","Slovakia","Fuel Exploitation",4.61459783909137
"SVK","Slovakia","Industrial Combustion",6.43104442861408
"SVK","Slovakia","Power Industry",3.93239825394347
"SVK","Slovakia","Processes",6.42583169734316
"SVK","Slovakia","Transport",7.43743366794048
"SVK","Slovakia","Waste",2.89224247088878
"SVN","Slovenia","Agriculture",1.94524264401435
"SVN","Slovenia","Buildings",1.25552965160936
"SVN","Slovenia","Fuel Exploitation",0.840241209599483
"SVN","Slovenia","Industrial Combustion",1.69470641206346
"SVN","Slovenia","Power Industry",3.91103464241952
"SVN","Slovenia","Processes",1.88365786286126
"SVN","Slovenia","Transport",5.29049562040721
"SVN","Slovenia","Waste",0.515991211126348
"SWE","Sweden","Agriculture",7.88876469028144
"SWE","Sweden","Buildings",2.41936312820632
"SWE","Sweden","Fuel Exploitation",4.35153115327585
"SWE","Sweden","Industrial Combustion",7.68983935255018
"SWE","Sweden","Power Industry",6.29395721423054
"SWE","Sweden","Processes",5.69699356097671
"SWE","Sweden","Transport",14.5330959837197
"SWE","Sweden","Waste",3.6922567111928
"SWZ","Eswatini","Agriculture",1.12946566218669
"SWZ","Eswatini","Buildings",0.144309300864713
"SWZ","Eswatini","Fuel Exploitation",0.315002197657722
"SWZ","Eswatini","Industrial Combustion",0.174108889387738
"SWZ","Eswatini","Power Industry",0.0487506837614891
"SWZ","Eswatini","Processes",0.0534473778284842
"SWZ","Eswatini","Transport",0.891946253179711
"SWZ","Eswatini","Waste",0.172726888657136
"SYC","Seychelles","Agriculture",0.0047259693114116
"SYC","Seychelles","Buildings",0.0922506053409928
"SYC","Seychelles","Fuel Exploitation",0
"SYC","Seychelles","Industrial Combustion",0.106607103910459
"SYC","Seychelles","Power Industry",0.164988356626666
"SYC","Seychelles","Processes",0.011462593192979
"SYC","Seychelles","Transport",0.526687381459267
"SYC","Seychelles","Waste",0.0697153937744982
"SYR","Syria","Agriculture",6.95264902349935
"SYR","Syria","Buildings",3.03273644314813
"SYR","Syria","Fuel Exploitation",3.86551146666032
"SYR","Syria","Industrial Combustion",2.42971209968795
"SYR","Syria","Power Industry",16.7502764424409
"SYR","Syria","Processes",8.1642865288382
"SYR","Syria","Transport",5.15223790854967
"SYR","Syria","Waste",0.81816615210599
"TCA","Turks and Caicos Islands","Agriculture",0
"TCA","Turks and Caicos Islands","Buildings",0.0186933336563416
"TCA","Turks and Caicos Islands","Fuel Exploitation",0.00143150841475135
"TCA","Turks and Caicos Islands","Industrial Combustion",0.015722649587509
"TCA","Turks and Caicos Islands","Power Industry",0.116143646603313
"TCA","Turks and Caicos Islands","Processes",0.00370544010604804
"TCA","Turks and Caicos Islands","Transport",0.0795842602784403
"TCA","Turks and Caicos Islands","Waste",0.00256761943083367
"TCD","Chad","Agriculture",91.170677837837
"TCD","Chad","Buildings",1.31235813397784
"TCD","Chad","Fuel Exploitation",3.56164689896104
"TCD","Chad","Industrial Combustion",0.267170314097443
"TCD","Chad","Power Industry",0.410121667991298
"TCD","Chad","Processes",1.05365888923752
"TCD","Chad","Transport",1.30553602158852
"TCD","Chad","Waste",2.09262742652393
"TGO","Togo","Agriculture",3.0295921597797
"TGO","Togo","Buildings",0.981532948628711
"TGO","Togo","Fuel Exploitation",2.33044236567045
"TGO","Togo","Industrial Combustion",0.177232962162719
"TGO","Togo","Power Industry",0.372147680155011
"TGO","Togo","Processes",1.6182114424424
"TGO","Togo","Transport",1.24845891663054
"TGO","Togo","Waste",1.08664651264067
"THA","Thailand","Agriculture",59.0505757311989
"THA","Thailand","Buildings",15.3081730347861
"THA","Thailand","Fuel Exploitation",23.5871255316799
"THA","Thailand","Industrial Combustion",50.867085087939
"THA","Thailand","Power Industry",90.2279362005215
"THA","Thailand","Processes",71.102932650255
"THA","Thailand","Transport",84.6605887110568
"THA","Thailand","Waste",27.5828700968117
"TJK","Tajikistan","Agriculture",9.36304078847736
"TJK","Tajikistan","Buildings",2.40309229296166
"TJK","Tajikistan","Fuel Exploitation",1.2757758509949
"TJK","Tajikistan","Industrial Combustion",1.39485352029986
"TJK","Tajikistan","Power Industry",1.86165450809047
"TJK","Tajikistan","Processes",1.9499709687743
"TJK","Tajikistan","Transport",2.28780384854395
"TJK","Tajikistan","Waste",1.65277885735797
"TKM","Turkmenistan","Agriculture",16.2087348902707
"TKM","Turkmenistan","Buildings",29.6322842112354
"TKM","Turkmenistan","Fuel Exploitation",23.0790879349401
"TKM","Turkmenistan","Industrial Combustion",12.0217854140919
"TKM","Turkmenistan","Power Industry",19.610850693953
"TKM","Turkmenistan","Processes",3.17469061172982
"TKM","Turkmenistan","Transport",9.48549881298061
"TKM","Turkmenistan","Waste",1.59925074177696
"TLS","Timor-Leste","Agriculture",1.03249949500851
"TLS","Timor-Leste","Buildings",0.0972516463587829
"TLS","Timor-Leste","Fuel Exploitation",0.106970927051337
"TLS","Timor-Leste","Industrial Combustion",0.080829782828696
"TLS","Timor-Leste","Power Industry",0.152289260071812
"TLS","Timor-Leste","Processes",0.0097545434869386
"TLS","Timor-Leste","Transport",0.341693166390349
"TLS","Timor-Leste","Waste",0.118830955650234
"TON","Tonga","Agriculture",0.079061462518498
"TON","Tonga","Buildings",0.0235801946294946
"TON","Tonga","Fuel Exploitation",0.000715219111085026
"TON","Tonga","Industrial Combustion",0.0207579613719808
"TON","Tonga","Power Industry",0.039130930964032
"TON","Tonga","Processes",0.00247151286468214
"TON","Tonga","Transport",0.087820776194444
"TON","Tonga","Waste",0.039366158773155
"TTO","Trinidad and Tobago","Agriculture",0.240452972106933
"TTO","Trinidad and Tobago","Buildings",0.395319909485456
"TTO","Trinidad and Tobago","Fuel Exploitation",6.45887665358809
"TTO","Trinidad and Tobago","Industrial Combustion",1.73334226274019
"TTO","Trinidad and Tobago","Power Industry",4.8765755092142
"TTO","Trinidad and Tobago","Processes",13.897146521615
"TTO","Trinidad and Tobago","Transport",2.7155269422477
"TTO","Trinidad and Tobago","Waste",3.26933737224864
"TUN","Tunisia","Agriculture",4.14653000191215
"TUN","Tunisia","Buildings",5.18723852529496
"TUN","Tunisia","Fuel Exploitation",3.15768421899753
"TUN","Tunisia","Industrial Combustion",5.25647515463935
"TUN","Tunisia","Power Industry",8.81389026106724
"TUN","Tunisia","Processes",5.21791470837361
"TUN","Tunisia","Transport",9.26504255035486
"TUN","Tunisia","Waste",3.5762253331359
"TUR","Türkiye","Agriculture",67.9114080343067
"TUR","Türkiye","Buildings",75.0190398278236
"TUR","Türkiye","Fuel Exploitation",25.2615694872972
"TUR","Türkiye","Industrial Combustion",75.3437790785802
"TUR","Türkiye","Power Industry",143.661217152894
"TUR","Türkiye","Processes",69.5787386556372
"TUR","Türkiye","Transport",100.20174895598
"TUR","Türkiye","Waste",22.5293151340816
"TWN","Taiwan","Agriculture",4.19226734352769
"TWN","Taiwan","Buildings",10.7629076162847
"TWN","Taiwan","Fuel Exploitation",20.9254547098293
"TWN","Taiwan","Industrial Combustion",31.3838590091129
"TWN","Taiwan","Power Industry",164.565444293327
"TWN","Taiwan","Processes",29.5731704875058
"TWN","Taiwan","Transport",36.7180044161076
"TWN","Taiwan","Waste",11.4905460669594
"TZA","Tanzania","Agriculture",62.7310226837915
"TZA","Tanzania","Buildings",7.16553543853298
"TZA","Tanzania","Fuel Exploitation",6.95697870952338
"TZA","Tanzania","Industrial Combustion",3.65385077983185
"TZA","Tanzania","Power Industry",3.0761767111919
"TZA","Tanzania","Processes",4.2041883260735
"TZA","Tanzania","Transport",10.5550203345359
"TZA","Tanzania","Waste",4.18223352925192
"UGA","Uganda","Agriculture",29.420598282855
"UGA","Uganda","Buildings",5.12439047761373
"UGA","Uganda","Fuel Exploitation",9.38101512438661
"UGA","Uganda","Industrial Combustion",2.08917414738388
"UGA","Uganda","Power Industry",0.13953254809643
"UGA","Uganda","Processes",2.60889540196731
"UGA","Uganda","Transport",3.92008542553396
"UGA","Uganda","Waste",4.61446086043829
"UKR","Ukraine","Agriculture",20.7874602760092
"UKR","Ukraine","Buildings",19.4161482015894
"UKR","Ukraine","Fuel Exploitation",45.8482195939148
"UKR","Ukraine","Industrial Combustion",12.1491535263408
"UKR","Ukraine","Power Industry",46.5289373297796
"UKR","Ukraine","Processes",18.3799642165113
"UKR","Ukraine","Transport",23.0526332328498
"UKR","Ukraine","Waste",10.8014891649185
"URY","Uruguay","Agriculture",30.3822457908365
"URY","Uruguay","Buildings",1.17266162962378
"URY","Uruguay","Fuel Exploitation",0.512147624773813
"URY","Uruguay","Industrial Combustion",1.16709896328046
"URY","Uruguay","Power Industry",0.866124239650959
"URY","Uruguay","Processes",0.74548866851606
"URY","Uruguay","Transport",4.43444449353969
"URY","Uruguay","Waste",5.34693412146114
"USA","United States","Agriculture",402.051894013705
"USA","United States","Buildings",571.429013875073
"USA","United States","Fuel Exploitation",721.886634524503
"USA","United States","Industrial Combustion",447.465378483478
"USA","United States","Power Industry",1496.03622954311
"USA","United States","Processes",411.458714280547
"USA","United States","Transport",1702.82982143557
"USA","United States","Waste",159.460037867569
"UZB","Uzbekistan","Agriculture",52.2472471860318
"UZB","Uzbekistan","Buildings",37.1364363487449
"UZB","Uzbekistan","Fuel Exploitation",28.737112715288
"UZB","Uzbekistan","Industrial Combustion",17.0141332115828
"UZB","Uzbekistan","Power Industry",54.6102803331176
"UZB","Uzbekistan","Processes",10.824343831852
"UZB","Uzbekistan","Transport",19.839927693415
"UZB","Uzbekistan","Waste",7.07888465701554
"VCT","Saint Vincent and the Grenadines","Agriculture",0.0115989356389093
"VCT","Saint Vincent and the Grenadines","Buildings",0.0113236176836958
"VCT","Saint Vincent and the Grenadines","Fuel Exploitation",0.00317346443752105
"VCT","Saint Vincent and the Grenadines","Industrial Combustion",0.00916217068928342
"VCT","Saint Vincent and the Grenadines","Power Industry",0.066984528005548
"VCT","Saint Vincent and the Grenadines","Processes",0.00257372599963529
"VCT","Saint Vincent and the Grenadines","Transport",0.0457875680928075
"VCT","Saint Vincent and the Grenadines","Waste",0.0346321108716517
"VEN","Venezuela","Agriculture",40.3754003281067
"VEN","Venezuela","Buildings",3.71687180324381
"VEN","Venezuela","Fuel Exploitation",52.948452107275
"VEN","Venezuela","Industrial Combustion",15.8468171954091
"VEN","Venezuela","Power Industry",14.1509660093003
"VEN","Venezuela","Processes",15.7196812056637
"VEN","Venezuela","Transport",16.2199472500374
"VEN","Venezuela","Waste",8.34029448091005
"VGB","British Virgin Islands","Agriculture",0.0093622189803258
"VGB","British Virgin Islands","Buildings",0.00761687902644958
"VGB","British Virgin Islands","Fuel Exploitation",0.000750248386044362
"VGB","British Virgin Islands","Industrial Combustion",0.00632740259328972
"VGB","British Virgin Islands","Power Industry",0.0465972866498211
"VGB","British Virgin Islands","Processes",0.00148419475916144
"VGB","British Virgin Islands","Transport",0.0319065139039718
"VGB","British Virgin Islands","Waste",0.00425038252213031
"VNM","Viet Nam","Agriculture",91.1116527988128
"VNM","Viet Nam","Buildings",18.4521548601884
"VNM","Viet Nam","Fuel Exploitation",25.1382144074812
"VNM","Viet Nam","Industrial Combustion",112.798768979606
"VNM","Viet Nam","Power Industry",202.243673675305
"VNM","Viet Nam","Processes",63.30643234224
"VNM","Viet Nam","Transport",52.1503687530564
"VNM","Viet Nam","Waste",19.0563571607352
"VUT","Vanuatu","Agriculture",0.242567676830606
"VUT","Vanuatu","Buildings",0.0479135900194949
"VUT","Vanuatu","Fuel Exploitation",0.00210836703411043
"VUT","Vanuatu","Industrial Combustion",0.0348987618153707
"VUT","Vanuatu","Power Industry",0.0656668051758383
"VUT","Vanuatu","Processes",0.0056264824575928
"VUT","Vanuatu","Transport",0.147307742362659
"VUT","Vanuatu","Waste",0.0859632953102521
"WSM","Samoa","Agriculture",0.123135577267819
"WSM","Samoa","Buildings",0.0547978027088375
"WSM","Samoa","Fuel Exploitation",0.00177799191681803
"WSM","Samoa","Industrial Combustion",0.0427841941447952
"WSM","Samoa","Power Industry",0.0805616783454899
"WSM","Samoa","Processes",0.0055747326970502
"WSM","Samoa","Transport",0.180752608884869
"WSM","Samoa","Waste",0.0322632138255632
"YEM","Yemen","Agriculture",8.1095345145252
"YEM","Yemen","Buildings",2.58998946106332
"YEM","Yemen","Fuel Exploitation",2.29488476969039
"YEM","Yemen","Industrial Combustion",1.36972929783903
"YEM","Yemen","Power Industry",1.66022561345963
"YEM","Yemen","Processes",8.9646007401391
"YEM","Yemen","Transport",2.77370254081127
"YEM","Yemen","Waste",5.14009021328046
"ZAF","South Africa","Agriculture",40.1041046823889
"ZAF","South Africa","Buildings",24.3871264013044
"ZAF","South Africa","Fuel Exploitation",111.209683682943
"ZAF","South Africa","Industrial Combustion",48.7707368721975
"ZAF","South Africa","Power Industry",233.535498438626
"ZAF","South Africa","Processes",40.1756250894334
"ZAF","South Africa","Transport",45.3438050036386
"ZAF","South Africa","Waste",26.2830293359889
"ZMB","Zambia","Agriculture",13.3550329610672
"ZMB","Zambia","Buildings",2.93213899988882
"ZMB","Zambia","Fuel Exploitation",8.66613883922015
"ZMB","Zambia","Industrial Combustion",3.34789175512702
"ZMB","Zambia","Power Industry",4.28487151188037
"ZMB","Zambia","Processes",2.10641192943526
"ZMB","Zambia","Transport",2.62875048567436
"ZMB","Zambia","Waste",1.19776584552199
"ZWE","Zimbabwe","Agriculture",13.0099053373368
"ZWE","Zimbabwe","Buildings",2.85661698677133
"ZWE","Zimbabwe","Fuel Exploitation",1.6386318414617
"ZWE","Zimbabwe","Industrial Combustion",2.26527654756293
"ZWE","Zimbabwe","Power Industry",4.90195797965787
"ZWE","Zimbabwe","Processes",1.93285189840285
"ZWE","Zimbabwe","Transport",2.39613527490244
"ZWE","Zimbabwe","Waste",1.78289657982955
